sid,beta,btop,earnyild,growth,leverage,liquidty,momentum,resvol,size,sizenl,bench,signal
000001,-0.158,-0.108,1.488,0.057,0.711,1.856,0.294,0.881,0.929,-0.5,0.010207353017219091,-0.02233482932868564
000002,0.245,0.371,0.689,0.79,1.098,2.277,-1.146,-0.114,0.963,-0.516,0.013702880190289052,-0.40202692791634154
000005,0.788,-0.901,-1.268,0.279,-0.976,1.595,0.264,0.498,-1.748,1.011,0.0005998241894617096,-0.7415163337123633
000006,1.264,0.627,0.98,-1.476,2.586,0.482,-0.435,-0.249,-1.722,1.029,0.0006101659858317389,0.1608107711665366
000009,0.509,-0.809,0.373,-0.01,0.826,1.586,-0.116,0.829,-0.892,1.04,0.0017270799937949223,-1.6483104044570003
000012,1.112,-0.49,-0.448,-0.273,0.533,1.334,0.503,1.052,-0.455,0.719,0.0012823827498836548,1.2239486472119732
000016,0.378,1.045,-0.617,-1.27,-0.319,1.173,2.103,0.838,-1.381,1.162,0.0007032421531620043,-1.4428299746330924
000021,0.022,0.145,-0.655,-0.038,-1.154,0.414,0.389,1.104,-0.883,1.035,0.0008687108950824759,-1.0184682173880653
000024,0.322,0.743,0.431,-1.171,1.443,1.185,-1.042,1.672,0.334,-0.049,0.0023682713687367494,1.3490236914526126
000027,0.051,1.09,0.944,-0.795,1.727,-0.724,-0.234,-1.497,0.009,0.271,0.0012513573607735662,1.3311558279896643
000028,-2.3,-1.36,-0.991,1.01,-0.329,-1.182,1.176,1.323,-1.27,1.163,0.000630849578571798,-1.2328825789434474
000029,-0.03,-0.649,-2.102,-0.062,0.058,0.538,-0.24,1.394,-1.544,1.125,0.00025854490925073686,-0.7459832995781004
000031,1.628,-0.658,-1.719,0.476,1.175,0.929,-0.912,0.447,-0.468,0.73,0.0013030663426237138,0.1429429077035881
000039,1.867,0.526,-0.407,-0.365,1.676,1.735,0.138,-0.077,0.111,0.168,0.0017891307720150989,-1.2105477496147616
000040,-0.133,-0.218,-2.209,-2.443,0.698,-0.611,-0.454,0.331,-2.216,0.417,0.00038264646569109056,1.6438434385912633
000042,1.522,0.961,1.009,-2.146,2.283,-0.22,0.342,1.344,-1.813,0.957,0.0002792285019907958,-0.30822064473586186
000046,1.603,0.085,-1.244,-0.476,0.719,-1.507,-1.209,1.18,0.024,0.256,0.0008480273023424168,1.4919665991562008
000050,1.37,0.167,-2.255,-0.595,2.36,0.592,-0.53,0.351,-1.958,0.806,0.0002999120947308548,0.9246619342075855
000059,1.598,1.239,0.741,-0.404,2.616,0.5,0.146,-0.611,-0.716,0.929,0.001023837840632918,-1.6795791655171601
000060,2.853,-0.817,-0.91,-0.016,0.075,1.813,0.904,0.944,-0.166,0.446,0.002451005739696985,1.0631378760454364
000061,0.38,-0.257,-1.123,-1.187,-0.321,1.661,0.234,0.803,-0.846,1.014,0.001261699157143596,0.21888132742111926
000062,1.352,1.471,0.808,-1.295,-1.137,-1.006,-0.469,-0.762,-2.329,0.195,0.0002792285019907958,-0.5047671428282955
000063,-1.789,-0.608,-0.559,-0.447,0.14,0.502,1.705,1.339,0.963,-0.516,0.006080976265577331,0.978265524596431
000066,-0.181,-0.708,-0.856,-0.844,-0.361,0.46,2.829,1.101,-1.008,1.096,0.0009204198769326232,1.0988736029713335
000068,-1.633,-1.13,-2.463,-1.322,1.103,1.206,0.757,3.15,-1.274,1.163,0.00047572263302135586,-1.2507504424063958
000069,0.266,-0.963,-0.284,-0.064,-0.409,0.945,-1.066,1.512,0.398,-0.108,0.0035989451367702567,1.049736978448225
000078,-0.985,-1.433,-1.202,-0.365,0.416,2.889,0.564,3.359,-1.105,1.131,0.0009824706551528001,0.9737985587306939
000089,-0.358,0.792,0.066,-0.667,-1.131,-0.518,-0.817,-2.086,-0.823,1.0,0.0007342675422720926,1.143543261628705
000090,0.059,1.231,-1.631,-1.049,0.277,1.231,1.682,1.927,-1.705,1.041,0.0005481152076115621,0.87105834381874
000099,0.274,0.449,-0.714,-0.523,1.205,0.287,0.019,-0.948,-1.904,0.868,0.00038264646569109056,-0.8353226168928429
000100,-0.113,0.183,-0.89,-0.798,-0.395,1.93,-0.016,-0.234,-0.548,0.799,0.0019339159211955116,-0.696846675054992
000155,0.995,1.226,0.718,0.074,-0.077,-0.917,-0.779,-2.481,-1.992,0.764,0.00023786131651067793,-1.0631378760454364
000157,-0.022,-0.822,1.063,0.258,1.658,0.61,0.667,0.276,0.313,-0.029,0.002802626816277988,0.41989479137929003
000158,0.908,0.589,0.044,-0.557,0.316,0.77,1.897,0.515,-1.489,1.142,0.00048606442939138527,0.7772520606382602
000159,2.314,0.099,-0.171,0.13,0.034,1.127,0.705,-0.939,-2.04,0.699,0.00039298826206111997,-1.4874996332904638
000301,1.137,0.261,-0.316,-1.191,-0.497,-0.202,0.13,-1.298,-1.309,1.165,0.000806660116862299,1.045270012582488
000338,-1.076,-0.773,0.6,0.297,-0.664,0.552,1.906,2.025,0.645,-0.317,0.003112880707378872,1.1971468520175503
000400,-1.066,-0.294,-0.528,-0.627,-0.535,1.368,0.219,0.658,-1.118,1.135,0.0009721288587827705,1.5947068140681548
000401,0.207,0.195,0.556,0.085,1.4,0.439,0.976,0.586,-0.332,0.606,0.0017891307720150989,1.6929800631143717
000402,0.707,1.987,0.723,-0.229,1.472,1.525,-0.707,-0.361,-0.043,0.323,0.003164589689229019,-0.8755253096844771
000407,0.943,-0.34,1.415,0.377,0.027,0.493,0.01,-0.795,-1.96,0.804,0.0006101659858317389,-0.629842187068935
000410,0.801,-0.452,-2.056,0.258,-0.051,0.55,-0.678,0.085,-1.609,1.097,0.0005170898185014737,1.4562308722303037
000416,0.357,-0.956,-0.81,-2.047,-1.116,-0.619,-0.243,-0.398,-1.762,1.0,0.00058948239309168,-1.2239486472119732
000417,0.17,-1.036,-0.826,0.253,-0.669,-0.539,2.695,0.368,-1.367,1.163,0.0006515331713118569,-0.18761256636095938
000422,1.019,-0.73,-0.281,0.854,2.282,0.762,1.53,1.48,-0.898,1.043,0.0017167381974248928,0.32608850819881036
000425,-0.534,-1.478,0.227,-0.689,-0.375,-0.205,0.433,0.915,0.08,0.2,0.0017787889756450696,-0.3707581668561816
000428,0.987,-0.064,-0.483,0.104,0.529,-0.403,0.225,-0.996,-1.822,0.95,0.000413671854801179,1.0318691149852766
000429,-0.654,1.59,0.506,-0.747,2.101,-1.284,-0.736,-2.794,-1.524,1.132,0.0002999120947308548,-0.8308556510271058
000488,0.855,2.36,0.668,-0.488,1.465,1.489,-0.944,-1.805,-0.716,0.929,0.0010858886188530948,-0.21441436155538215
000501,0.282,-0.58,-0.395,0.367,0.471,-1.495,1.37,0.3,-1.374,1.163,0.0006411913749418274,-0.9112610366103742
000503,-0.007,-0.809,-1.023,-2.426,-0.951,2.356,0.305,0.84,-1.278,1.163,0.0009411034696726821,-0.5717716308143524
000507,0.52,0.743,-1.7,2.305,-0.639,0.11,0.377,-0.314,-2.295,0.265,0.00035162107658100216,0.3037536788701247
000510,0.761,-0.659,-1.33,-1.527,0.078,1.137,1.75,0.52,-1.622,1.091,0.0008480273023424168,-0.2814188495414391
000511,0.829,-0.127,-0.929,-1.064,-0.524,0.728,-0.531,-1.265,-1.647,1.077,0.0006618749676818865,1.1390762957629676
000514,1.349,-0.347,-0.891,-0.215,0.13,0.904,-0.63,2.046,-1.166,1.147,0.0002688867056207663,-0.4779653476338727
000520,1.367,0.709,-2.604,-0.486,2.8,0.473,-1.241,-1.381,-2.101,0.61,0.0004240136511712084,-1.393693350109984
000522,-0.418,-0.861,-0.696,-0.433,-0.094,2.479,0.459,1.209,-1.638,1.082,0.0005791405967216506,-0.02680179519442277
000525,0.007,-1.004,-0.988,0.081,0.516,0.015,-0.486,-1.062,-1.833,0.939,0.0005481152076115621,0.7415163337123633
000527,-0.723,-0.362,0.185,-0.154,-0.608,0.107,1.612,1.007,0.419,-0.127,0.0037230466932106107,0.20101346395817077
000528,0.479,-0.059,0.235,0.207,0.343,0.995,0.639,-0.886,-0.745,0.949,0.0013961425099539792,1.6215086092625774
000532,0.255,-0.91,-0.893,-1.335,-0.704,1.095,-1.008,0.429,-2.01,0.741,0.00046538083665132634,0.37522513272191876
000533,0.856,-1.216,-1.296,0.06,0.017,0.287,2.194,0.711,-1.473,1.146,0.00058948239309168,1.429429077035881
000537,0.474,-1.559,-1.849,-1.072,0.648,1.3,1.345,1.814,-1.327,1.165,0.0011272558043332128,-0.6879127433235177
000538,-2.717,-1.23,-1.211,0.633,-1.06,-1.282,1.881,0.206,0.134,0.145,0.0018822069393453643,0.14740987356932522
000540,1.205,-1.27,-0.407,0.96,0.925,1.066,1.987,1.918,-1.167,1.147,0.0006618749676818865,-0.017867863462948514
000541,0.156,-0.208,-1.269,-0.878,-1.154,1.522,0.96,-0.478,-1.142,1.141,0.0008170019132323284,1.2954201010637671
000543,0.629,1.938,-1.108,-0.522,1.858,-0.393,-0.136,-0.922,-1.386,1.161,0.0004240136511712084,-1.3534906573183498
000548,0.292,0.079,-0.452,0.463,-0.731,-0.08,0.218,-0.267,-1.844,0.929,0.00047572263302135586,0.008933931731474257
000550,0.201,-0.197,0.626,-0.387,-1.13,-1.491,1.294,0.715,-0.708,0.923,0.0006101659858317389,1.675112199651423
000554,0.751,-0.211,0.256,0.16,-1.073,0.642,0.303,-0.765,-2.124,0.575,0.000413671854801179,-1.1346093298972306
000559,0.709,-0.476,0.4,-0.085,0.402,-0.73,-0.332,-1.102,-1.397,1.16,0.0004240136511712084,1.3847594183785097
000562,1.198,-0.707,-0.721,0.868,0.307,0.742,-0.057,-0.039,0.148,0.132,0.0019028905320854234,1.0586709101796994
000563,1.096,-1.098,-1.672,-0.792,-0.925,0.806,-0.729,-1.127,-1.84,0.932,0.000413671854801179,0.9201949683418484
000565,0.806,-0.974,-1.623,-0.099,1.365,1.062,-0.958,0.149,-2.221,0.409,0.0002792285019907958,0.6030403918745123
000568,0.331,-1.468,-0.62,0.327,-1.087,1.15,0.945,1.413,0.598,-0.28,0.0036920213041005223,-0.9737985587306939
000571,1.112,-0.432,-0.614,-1.511,-0.494,1.208,-0.068,-1.449,-1.712,1.036,0.0007756347277522106,0.5137010745597698
000572,1.215,0.983,-1.295,-0.057,0.39,1.077,-0.259,0.082,-1.38,1.162,0.0005377734112415327,-0.17867863462948513
000573,0.94,1.153,-2.42,-2.078,-0.312,0.473,0.223,-0.826,-2.242,0.368,0.00046538083665132634,0.8308556510271058
000581,1.357,-0.203,-0.459,-0.643,-0.577,0.686,2.531,1.222,-1.15,1.143,0.0009514452660427117,1.2150147154804989
000584,1.235,0.276,-0.78,0.91,-0.562,0.138,0.936,1.201,-1.805,0.965,0.0005687988003516212,0.7727850947725232
000589,-0.164,0.349,0.449,-0.245,1.502,1.059,2.167,1.002,-1.92,0.85,0.0004446972439112674,1.460697838096041
000594,1.134,1.388,-1.158,-2.675,-1.024,0.93,-0.626,-0.998,-1.457,1.15,0.00039298826206111997,0.7951199241012088
000597,-0.657,-0.401,1.583,0.987,-0.19,0.248,0.616,-0.688,-1.219,1.157,0.0004964062257614148,-1.4562308722303037
000599,-0.278,0.123,-0.782,-0.897,0.7,1.219,1.191,0.518,-1.881,0.892,0.0006515331713118569,0.6253752212031979
000600,0.509,1.42,-0.237,-0.904,2.537,-1.294,-0.837,-1.992,-1.547,1.123,0.0002688867056207663,1.3043540327952414
000601,-0.108,1.587,-0.764,-1.273,2.576,0.909,0.002,0.303,-1.61,1.096,0.0006825585604219453,0.4154278255135529
000607,0.045,-0.722,-0.756,-0.478,1.13,0.434,0.789,-0.536,-2.181,0.48,0.00039298826206111997,-0.8263886851613687
000609,1.561,-0.213,-1.94,-0.534,-1.154,-0.103,-1.813,-1.124,-2.181,0.48,0.00034127928021097264,0.3975599620506044
000612,2.637,-0.89,-0.68,0.534,1.319,2.113,0.999,1.305,-0.866,1.025,0.0010652050261130358,0.9023271048788999
000616,1.062,0.957,0.643,-1.284,0.548,1.155,-0.075,0.253,-1.533,1.128,0.0007342675422720926,0.2992867130043876
000617,0.972,-0.459,-0.675,-0.4,-0.577,-0.469,0.296,-0.695,-2.006,0.746,0.0002275195201406484,-1.706380960711583
000619,0.633,0.415,0.072,-0.711,-0.491,0.767,1.695,-0.282,-1.716,1.034,0.00046538083665132634,1.6661782679199488
000625,0.838,0.01,-0.078,-1.674,-0.684,1.149,1.296,0.909,-0.112,0.392,0.0012720409535136254,0.8799922755502142
000627,0.621,-0.047,-1.145,0.088,-0.375,0.884,-0.11,-0.383,-1.649,1.076,0.0004964062257614148,1.2909531351980301
000630,2.647,-0.255,-0.755,0.296,1.359,1.194,0.691,0.685,-0.159,0.438,0.0017684471792750404,-0.4064938937820787
000631,0.806,-1.003,0.37,-0.199,-1.154,-1.785,-1.931,0.81,-1.116,1.134,0.000413671854801179,-0.8621244120872658
000636,1.031,0.231,-1.678,-0.237,-0.72,0.646,0.801,0.379,-1.617,1.093,0.0006825585604219453,0.2546170543470163
000650,-1.166,-1.103,-0.995,0.993,-1.154,-1.408,1.249,0.197,-1.482,1.144,0.00038264646569109056,0.661110948129095
000651,-0.423,-0.688,0.787,0.528,-0.945,0.401,1.752,0.618,0.515,-0.212,0.004767568126583588,0.8844592414159513
000652,0.39,-0.708,-0.789,0.707,1.057,0.305,-0.947,-1.025,-0.89,1.039,0.0012099901752934486,-0.5673046649486153
000655,2.605,-0.707,-1.368,1.787,-1.088,0.176,-0.276,0.348,-1.035,1.107,0.0007446093386421221,-0.8085208216984202
000659,0.381,0.708,-0.467,-0.564,1.918,0.055,0.655,-1.168,-1.741,1.016,0.0005998241894617096,1.500900530887675
000667,0.99,1.219,0.597,-0.022,-0.719,0.946,-0.183,0.414,-0.994,1.09,0.0010962304152231242,0.5003001769625584
000677,1.372,-0.655,0.026,-0.793,2.35,1.17,0.597,1.364,-1.433,1.155,0.0006101659858317389,0.6119743236059866
000679,0.117,-0.24,1.269,-0.143,0.984,-0.311,0.447,-0.911,-2.098,0.615,0.0003205956874709137,1.71084792657732
000680,1.041,0.354,0.416,0.655,-0.722,0.602,-0.374,-1.128,-1.13,1.138,0.0010962304152231242,-0.9380628318047969
000682,0.731,-0.207,-2.068,-0.124,-1.059,1.108,0.437,-0.561,-1.684,1.055,0.0007963183204922695,-1.326688862123927
000683,1.598,-0.823,-1.3,0.293,-0.027,1.554,0.55,0.854,-1.293,1.164,0.0009307616733026527,-0.013400897597211385
000686,1.576,-1.113,-0.469,-0.839,-1.153,0.584,0.516,0.459,-0.252,0.53,0.0012927245462536843,0.9648646269992197
000687,0.46,-0.077,-1.114,-0.704,-0.872,0.023,0.114,-0.262,-1.841,0.931,0.000413671854801179,1.433896042901618
000690,0.2,-0.339,0.006,0.682,2.13,0.82,-0.709,-1.681,-0.842,1.012,0.001261699157143596,1.2373495448091845
000698,1.006,1.899,0.153,0.272,1.381,0.027,-0.636,-0.965,-1.749,1.01,0.0005274316148715031,-0.174211668763748
000707,1.151,1.13,-1.019,1.327,2.256,0.582,0.231,-0.126,-1.965,0.798,0.00048606442939138527,-1.2284156130777102
000708,1.121,0.277,0.418,0.018,-0.389,-0.379,1.148,-0.317,-1.607,1.098,0.0004240136511712084,0.629842187068935
000712,1.725,-1.176,-0.388,-1.669,0.765,0.505,1.437,0.079,-1.615,1.094,0.0005067480221314443,-1.25968437413787
000713,0.439,-0.92,-1.711,-0.225,-0.599,1.97,0.485,0.048,-2.04,0.7,0.00039298826206111997,-0.6834457774577806
000717,1.782,2.223,-0.607,-0.56,2.528,0.426,-0.153,-0.295,-1.122,1.136,0.0009617870624127411,0.6521770163976207
000718,1.316,-0.921,0.985,2.598,-0.486,-0.075,0.259,1.327,-0.409,0.677,0.000827343709602358,0.9693315928649568
000726,0.25,0.148,0.267,-0.219,0.026,1.232,0.634,-0.64,-1.195,1.153,0.0007963183204922695,0.4913662452310841
000728,0.58,-0.646,-0.693,-0.31,-1.154,1.498,-0.361,0.715,0.324,-0.039,0.002264853405036455,1.4160281794386695
000729,-1.77,0.009,-0.747,-0.332,-0.736,0.219,0.545,0.532,-0.064,0.344,0.0015512694555044212,1.2284156130777102
000731,0.427,0.69,0.776,-0.433,1.272,0.588,-0.605,-1.897,-1.858,0.915,0.0005377734112415327,-1.3758254866470354
000733,-0.034,0.874,-0.702,-0.086,-0.71,1.353,2.172,1.976,-1.783,0.983,0.0005067480221314443,1.496433565021938
000735,0.009,-0.569,-1.786,0.441,-0.747,2.865,0.693,1.621,-1.309,1.165,0.0011479393970732718,-0.9335958659390597
000737,0.766,1.325,-1.207,-0.846,-0.12,-0.382,-0.865,-2.27,-2.259,0.337,0.0003619628729510317,-1.7153148924430572
000748,0.959,-0.281,-1.49,0.049,-1.1,0.951,0.522,-0.209,-1.994,0.762,0.00046538083665132634,-0.3796920985876559
000755,2.173,1.439,-1.06,-0.358,0.536,0.897,-0.937,-0.525,-1.9,0.872,0.0004550390402812968,0.8353226168928429
000758,3.067,-0.539,-1.07,1.363,0.965,0.042,-0.672,-0.373,-1.196,1.153,0.0007652929313821811,1.25968437413787
000762,1.555,-1.28,-2.043,0.007,-0.193,1.314,-0.263,0.383,-1.558,1.119,0.0007239257459020634,-0.15634380530079947
000768,-0.957,-0.176,-1.782,1.656,-0.966,1.118,0.195,1.46,0.231,0.05,0.0025854490925073686,-0.9648646269992197
000777,0.869,-0.903,-1.7,0.148,-1.154,0.529,-0.425,-0.273,-2.019,0.729,0.00034127928021097264,-0.48243231349960985
000778,1.016,1.509,0.924,-0.402,-0.542,0.986,0.703,-0.371,-0.423,0.69,0.0016340038264646569,1.4830326674247265
000780,2.691,-0.482,0.321,-1.328,-1.035,0.598,1.178,-0.631,-0.756,0.957,0.0007859765241222399,-1.634909506859789
000783,1.796,-0.433,-0.761,-1.549,-0.943,1.278,-0.141,0.298,0.349,-0.063,0.003464501783959874,1.1569441592259162
000786,0.421,-0.468,-0.157,-0.141,0.386,-0.393,1.49,0.383,-1.084,1.125,0.0007135839495320338,1.639376472725526
000792,-0.848,-1.523,-0.03,0.587,-0.44,0.332,-0.996,0.497,0.422,-0.13,0.00373338848958064,-1.6706452337856859
000793,-0.266,-0.378,-1.455,0.636,-0.547,0.103,0.393,-0.463,-1.084,1.125,0.0008583690987124464,0.3796920985876559
000799,1.544,-0.963,-0.966,-0.925,-0.937,0.336,0.607,0.113,-1.824,0.948,0.000413671854801179,0.21441436155538215
000800,-0.028,-0.61,0.034,0.284,-1.154,0.669,2.466,1.676,0.218,0.062,0.00255442370339728,-1.152477193360179
000807,2.589,-0.054,-1.527,0.312,1.085,1.113,-0.117,1.023,-0.67,0.895,0.0010652050261130358,1.389226384244247
000816,0.834,-0.427,-0.044,-0.288,0.103,1.28,0.533,-0.708,-1.58,1.11,0.0006205077822017684,1.3132879645267157
000819,0.015,-1.171,-0.676,-0.863,-1.154,-0.393,-1.467,0.078,-2.015,0.734,0.00034127928021097264,-1.0229351832538023
000822,1.127,2.051,-1.197,-0.279,0.614,0.262,-0.969,-1.304,-1.472,1.147,0.00058948239309168,-1.5455701895450464
000823,1.196,0.335,-0.785,-0.1,-0.353,2.02,1.036,0.523,-1.808,0.962,0.0004964062257614148,-0.4958332110968212
000825,2.821,1.105,-0.028,0.02,2.483,0.647,0.213,0.593,0.483,-0.184,0.0032990330420394026,1.2462834765406587
000826,-0.095,-0.95,-1.081,-0.123,0.932,0.417,1.211,-0.109,-1.404,1.159,0.000630849578571798,-0.0044669658657371285
000828,0.109,0.601,0.214,-0.818,0.081,-1.391,0.22,-0.936,-1.361,1.163,0.00043435544754123794,1.362424589049824
000829,1.136,-1.15,-1.072,-1.081,0.144,1.572,2.738,2.599,-0.709,0.924,0.0012410155644035368,0.4779653476338727
000830,0.545,0.638,0.519,0.075,2.279,0.654,0.061,-0.999,-1.5,1.139,0.0005687988003516212,-1.1971468520175503
000831,2.518,-0.987,-1.983,-0.689,0.297,0.541,-0.725,-0.804,-1.682,1.056,0.0006411913749418274,0.4466965865737128
000837,0.891,-0.244,-0.851,-0.084,-0.565,0.199,1.622,-0.497,-2.071,0.655,0.00043435544754123794,-0.44222962070797567
000839,0.925,-0.252,-0.96,-1.561,1.29,2.185,-0.802,0.21,-0.185,0.464,0.0020787010703759243,-1.2954201010637671
000852,1.391,-0.524,-0.332,-0.181,-0.791,-0.335,0.305,-0.228,-1.827,0.945,0.0002792285019907958,-1.116741466434282
000858,-0.057,-1.155,-0.708,-0.361,-1.154,1.404,1.431,1.108,0.963,-0.516,0.008397538652463933,1.6885130972486344
000859,1.612,0.453,-1.118,-0.335,-0.323,0.246,0.589,0.728,-2.275,0.305,0.0003102538911008842,-1.6304425409940517
000860,1.185,0.121,-0.617,0.176,0.342,0.463,0.468,-0.355,-1.289,1.164,0.0007032421531620043,-1.2641513400036073
000861,1.148,-1.149,-0.369,0.053,-0.777,-0.404,0.849,0.361,-1.423,1.157,0.000413671854801179,0.4064938937820787
000875,-0.062,1.899,-1.651,-0.823,2.082,-0.086,-0.474,-1.502,-1.931,0.838,0.0004964062257614148,1.121208432300019
000876,1.067,0.039,-0.198,0.205,-0.132,0.127,0.435,-0.864,-1.055,1.114,0.0007342675422720926,0.08933931731474257
000877,0.693,-0.86,0.423,0.62,2.407,0.997,2.043,0.809,-1.374,1.162,0.0007549511350121515,-0.9871994563279053
000878,2.73,-1.194,-2.119,-0.285,2.133,1.941,-0.597,0.538,0.146,0.134,0.002378613165106779,0.9603976611334826
000881,0.213,1.165,1.187,-0.617,1.809,-0.927,-0.248,-2.724,-2.445,-0.07,0.00038264646569109056,-0.9514637294020083
000882,0.422,0.714,-0.412,-1.234,-0.855,-0.957,-0.26,-0.808,-1.868,0.905,0.00019649413103055998,-1.5902398482024176
000886,0.095,0.041,-0.97,-0.532,-1.118,2.568,0.484,1.822,-1.263,1.162,0.0009617870624127411,-0.4109608596478158
000887,0.235,-1.112,-0.514,2.253,-0.4,-1.139,1.343,0.775,-1.561,1.118,0.0002688867056207663,-0.41989479137929003
000895,-2.594,-1.466,-0.913,0.486,-1.14,-1.249,1.212,1.539,0.227,0.054,0.002575107296137339,0.9916664221936424
000897,0.547,-0.13,-1.856,-0.707,2.499,0.593,-0.767,-0.654,-1.209,1.155,0.0010134960442628885,1.603640745799629
000898,1.761,2.087,-0.303,-0.052,1.369,-0.116,0.305,1.238,0.963,-0.516,0.0032990330420394026,0.2680179519442277
000899,-0.149,0.383,-0.972,-1.346,2.978,-0.562,0.208,-0.051,-1.87,0.903,0.00033093748384094323,0.04020269279163415
000900,0.26,0.318,0.895,-0.02,0.34,1.482,1.875,-0.609,-0.986,1.087,0.0010962304152231242,-0.2903527812729133
000903,1.56,1.832,-0.729,-0.89,-0.208,0.208,1.014,-0.656,-1.829,0.943,0.00048606442939138527,1.1748120226888648
000905,0.355,0.381,-0.169,0.922,-0.68,-0.155,-1.592,-0.775,-1.862,0.911,0.0002688867056207663,0.9961333880593796
000910,0.919,0.301,0.517,0.367,1.453,0.183,0.888,0.493,-1.558,1.119,0.0004446972439112674,1.3356227938554013
000911,0.515,-0.43,-0.987,-0.178,-0.083,1.319,0.996,0.707,-1.597,1.103,0.0005170898185014737,0.7102475726522034
000912,1.004,1.001,0.721,-0.144,0.239,-0.73,-1.282,-2.126,-1.582,1.11,0.00043435544754123794,-1.3713585207812984
000916,0.001,2.312,0.557,-0.458,-1.154,-1.409,-0.285,-2.534,-1.595,1.104,0.00035162107658100216,1.2016138178832874
000917,-0.608,-0.64,-1.755,0.094,2.29,1.796,-0.781,0.97,-1.148,1.143,0.0010755468224830653,-1.572371984739469
000919,0.137,0.147,-0.632,-0.775,-1.102,-0.723,0.686,0.483,-1.55,1.122,0.0003619628729510317,-0.4288287231107643
000925,-0.219,-1.283,-0.921,-0.527,-1.154,-0.282,1.456,2.375,-1.602,1.1,0.00025854490925073686,0.7013136409207291
000926,1.661,1.419,0.344,-1.332,1.857,1.522,1.072,1.729,-1.307,1.165,0.0009204198769326232,1.0542039443139621
000927,0.088,-0.496,-1.088,-0.344,-0.716,-0.303,1.95,1.037,-0.557,0.806,0.0007135839495320338,-0.8933931731474256
000930,0.784,-0.244,-0.582,-0.473,0.88,2.133,1.061,-0.256,-1.235,1.159,0.0009824706551528001,-0.1429429077035881
000931,0.811,-0.84,-0.54,0.397,-0.819,0.039,-0.843,-0.99,-1.966,0.796,0.0004240136511712084,-0.8397895827585801
000932,1.28,2.36,0.834,0.054,2.304,-1.317,-0.835,-0.334,-0.49,0.75,0.001023837840632918,-0.24568312261554204
000933,3.037,-1.011,0.193,1.559,1.868,1.304,1.784,1.113,-0.191,0.471,0.002047675681265836,-1.1301423640314934
000936,0.223,0.171,-0.074,-1.155,-0.308,0.314,1.987,-0.206,-1.956,0.809,0.0003619628729510317,-0.35735726925897027
000937,2.58,-0.341,1.217,0.865,-0.558,1.108,0.463,0.609,-0.033,0.313,0.0019959666994156886,-1.7019139948458457
000938,0.29,-0.239,-1.866,-0.718,-0.52,1.019,-0.415,-0.44,-2.211,0.427,0.00033093748384094323,-1.6081077116653661
000939,0.427,-0.376,-2.0,-1.318,2.356,0.695,2.404,2.063,-1.41,1.158,0.0007239257459020634,1.7242488241745315
000949,1.097,0.465,-0.202,-0.559,0.394,0.021,0.593,0.983,-1.979,0.781,0.0003619628729510317,1.3177549303924527
000950,-0.37,-0.688,0.664,0.653,1.832,0.089,0.612,-0.703,-1.591,1.105,0.00033093748384094323,-1.6974470289801087
000951,0.911,-0.356,-0.005,-0.038,0.142,-0.596,-0.297,-0.157,-0.863,1.024,0.0007135839495320338,0.9827324904621682
000952,0.708,-0.507,-0.824,0.082,-0.951,0.78,-0.949,-0.415,-2.062,0.668,0.0005481152076115621,-0.13400897597211384
000959,0.57,1.558,-0.472,-1.294,1.613,-1.441,-0.047,-0.711,-0.592,0.835,0.0009204198769326232,1.0184682173880653
000961,0.943,2.36,0.886,-0.61,-0.062,-0.297,2.194,3.602,-0.744,0.948,0.0005998241894617096,-0.87105834381874
000962,1.8,0.077,-1.265,-0.035,0.104,0.228,-0.287,-0.643,-1.9,0.872,0.00038264646569109056,-0.2054804298239079
000963,-0.866,-1.302,-0.831,0.129,-0.447,-1.714,1.118,0.722,-1.099,1.129,0.0007032421531620043,0.7817190265039974
000965,-0.394,0.063,0.108,-0.187,-0.832,-1.705,1.488,1.393,-1.553,1.121,0.0002688867056207663,0.6432430846661464
000968,2.41,-0.055,0.713,0.161,-0.965,0.523,-0.642,-0.681,-1.109,1.132,0.0006929003567919749,-1.4204951453044068
000969,0.304,-0.657,-0.974,-0.384,-0.321,0.45,0.644,1.149,-0.96,1.075,0.0009721288587827705,1.1614111250916532
000970,2.071,-0.286,-1.181,-0.359,-0.617,1.092,0.182,-0.837,-1.75,1.01,0.0004446972439112674,-0.25908402021275345
000972,0.613,-0.158,-1.215,-0.743,1.432,1.113,0.042,-0.068,-1.896,0.876,0.0005170898185014737,-0.33502243993028463
000973,0.545,-0.834,-2.036,-3.307,0.313,2.746,-0.002,1.403,-1.406,1.159,0.0008376855059723875,0.09380628318047969
000975,0.283,-0.588,-1.548,-0.182,-1.145,-0.041,-0.021,-0.04,-1.837,0.935,0.00047572263302135586,0.942529797670534
000983,2.856,-1.095,0.266,-0.121,-0.338,1.909,1.8,1.252,0.963,-0.516,0.00570867159625627,-1.6929800631143717
000987,-0.582,-1.081,-0.697,0.13,-1.154,-1.395,1.489,0.851,-1.098,1.129,0.0007032421531620043,-1.3802924525127727
000988,0.081,-0.54,-0.331,0.028,-0.1,1.359,1.949,0.71,-1.5,1.139,0.0005687988003516212,1.6840461313828974
000989,0.383,-0.132,-0.341,-0.572,-1.15,0.762,1.248,-0.134,-1.843,0.93,0.0004033300584311495,-0.21888132742111926
000990,0.863,0.434,-1.718,1.724,-0.243,0.149,0.933,1.177,-1.835,0.937,0.000413671854801179,0.9514637294020083
000996,0.625,-1.588,-2.115,-0.084,-0.976,2.788,1.262,1.355,-1.31,1.165,0.0007963183204922695,-1.0542039443139621
000997,0.343,-1.037,-1.005,0.007,-0.873,1.911,0.699,1.519,-1.531,1.129,0.0005584570039815916,0.44222962070797567
000998,0.223,-0.932,-1.068,-1.046,-0.598,2.241,-0.428,-0.451,-1.53,1.13,0.0006515331713118569,-1.389226384244247
000999,-2.041,-0.889,-0.631,0.308,-1.044,-0.878,0.211,0.657,-0.239,0.517,0.0013030663426237138,-1.0854727053741222
001696,0.35,-0.989,-0.248,0.14,-1.127,0.442,2.292,1.568,-0.934,1.062,0.0009928124515228296,1.2641513400036073
001872,0.227,-0.099,0.2,-0.979,-0.105,-1.57,-0.359,-1.859,-1.128,1.138,0.0003205956874709137,-1.2418165106749217
002001,-1.415,-1.06,1.18,0.929,0.113,-0.429,1.06,0.57,-0.516,0.772,0.0009928124515228296,-1.1748120226888648
002008,0.807,-0.275,-1.27,0.43,-0.771,2.05,-0.433,-0.217,-1.267,1.163,0.0009514452660427117,0.013400897597211385
002011,0.215,0.172,-0.868,0.593,-0.631,-0.33,0.463,-0.359,-1.554,1.121,0.0003102538911008842,-0.03573572692589703
002018,1.148,-0.44,0.001,1.81,-0.716,1.409,-0.298,-1.171,-2.179,0.482,0.00039298826206111997,-0.9916664221936424
002019,0.763,-0.489,-1.877,0.259,-0.58,0.789,0.189,1.089,-1.882,0.891,0.0004550390402812968,0.5047671428282955
002022,-1.052,-1.472,-1.083,0.073,-1.086,1.375,-0.345,0.824,-1.094,1.128,0.001416826102694038,1.0854727053741222
002024,0.101,-1.112,-0.531,0.304,-0.419,0.68,1.061,0.52,0.963,-0.516,0.007735663684782046,-0.7549172313095747
002025,1.436,-0.091,-0.738,-0.147,-1.142,-0.066,0.621,-0.272,-1.879,0.894,0.00039298826206111997,-0.5405028697541925
002028,-1.017,-0.515,-0.453,0.344,-1.033,0.405,0.45,-0.1,-0.841,1.011,0.0010858886188530948,-0.9291289000733226
002029,-0.694,-0.667,-0.744,1.22,-1.005,-1.871,1.325,1.07,-1.42,1.157,0.0005170898185014737,1.0363360808510138
002041,-0.2,-1.239,-1.468,-1.33,-1.15,0.363,1.401,1.221,-1.409,1.159,0.0005170898185014737,0.39309299618486726
002048,1.523,-0.515,0.196,1.173,-0.09,1.373,1.668,0.812,-1.543,1.125,0.0006411913749418274,1.465164803961778
002051,0.895,-0.479,-0.239,-0.16,-1.149,-0.517,1.142,-0.549,-1.769,0.994,0.0002895702983608253,0.9559306952677454
002052,1.02,-0.33,-1.466,0.391,-0.188,1.651,-0.006,0.26,-1.812,0.958,0.0004033300584311495,-1.2150147154804989
002053,0.982,0.557,-0.348,-1.26,1.715,-0.119,-0.677,-1.84,-2.409,0.015,0.00023786131651067793,1.4383630087673553
002056,1.308,0.781,-0.687,-0.261,-0.963,0.197,0.53,0.028,-1.55,1.122,0.0004550390402812968,1.148010227494442
002062,0.417,-0.197,0.847,-0.271,-0.355,-1.246,1.067,-1.436,-1.614,1.094,0.00034127928021097264,-1.4070942477071953
002064,1.037,-0.679,-0.874,1.676,-0.607,0.296,0.864,2.075,-1.352,1.164,0.0005481152076115621,1.1658780909573905
002065,-1.233,-1.238,-1.046,-0.003,-1.067,-2.166,1.921,1.71,-0.911,1.05,0.0008480273023424168,-0.6655779139948321
002069,0.379,-1.008,-1.197,-1.004,-0.472,-0.215,1.28,0.477,-1.147,1.143,0.0004033300584311495,1.4249621111701438
002073,-0.568,-0.834,-0.875,0.838,-0.638,0.358,2.575,1.51,-0.879,1.033,0.0017477635865349812,0.11614111250916533
002078,1.557,-0.083,0.417,-0.54,0.984,-0.638,1.161,-0.325,-1.04,1.109,0.0005998241894617096,0.19207953222669652
002083,1.328,0.211,-0.905,0.115,0.044,0.311,-0.412,-0.232,-1.261,1.162,0.00047572263302135586,-0.19654649809243363
002088,-0.962,-0.416,-0.301,-1.136,-0.443,-0.748,0.399,0.208,-1.593,1.104,0.00043435544754123794,-1.148010227494442
002091,0.653,-1.06,-0.902,-0.914,-1.003,-0.424,1.296,1.457,-1.594,1.104,0.00035162107658100216,1.009534285656591
002092,1.712,-0.427,-1.187,0.708,-0.131,1.315,1.911,1.958,-0.902,1.046,0.0011893065825533894,-0.5539037673514039
002097,0.629,-0.252,-1.329,0.642,-0.319,0.866,-0.699,-0.806,-1.705,1.042,0.0007756347277522106,0.6655779139948321
002106,-0.92,-0.51,-0.918,-1.226,-1.046,0.009,2.252,1.761,-1.294,1.164,0.00046538083665132634,-1.5545041212765205
002107,-0.331,-0.717,-0.795,-0.733,-1.092,-1.135,0.049,-0.425,-2.026,0.718,0.0002895702983608253,-1.71084792657732
002109,1.1,-0.033,-0.16,-0.403,-0.507,0.352,0.112,-0.629,-2.086,0.633,0.0003205956874709137,-1.6438434385912633
002110,1.746,0.274,-0.135,0.234,0.06,-1.362,1.133,0.829,-1.359,1.164,0.00033093748384094323,1.0229351832538023
002122,-0.262,-0.525,-0.354,1.066,-0.724,-0.96,-1.249,-0.667,-0.488,0.748,0.0007652929313821811,-1.5232353602163606
002123,-1.452,-1.364,-1.047,0.733,-0.74,-0.961,0.953,0.095,-1.151,1.144,0.0006722167640519158,-0.7593841971753118
002128,2.413,-1.333,-0.906,-1.004,-0.966,-1.359,0.692,-0.248,-0.028,0.308,0.000806660116862299,-1.2998870669295042
002129,0.339,0.237,-1.827,0.508,-0.546,0.295,-0.853,-0.398,-1.828,0.944,0.0002792285019907958,-1.32222189625819
002133,1.848,-0.156,0.394,-0.274,2.352,-0.066,-0.01,0.208,-1.85,0.923,0.00034127928021097264,-0.3618242351247074
002142,-0.315,-0.292,-0.14,0.244,-0.914,0.474,1.324,0.763,0.329,-0.044,0.0028439940017581057,-1.2820192034665558
002155,2.554,-0.873,-0.979,0.119,-0.707,1.17,0.083,0.418,-0.893,1.04,0.0010341796370029474,0.10274021491195395
002161,0.46,-1.429,-1.644,-0.204,-0.586,1.047,0.356,1.605,-1.608,1.097,0.0005170898185014737,-1.3579576231840869
002172,2.073,-0.705,-1.08,-0.839,0.293,0.604,0.27,1.566,-1.804,0.965,0.0002792285019907958,1.4428299746330924
002179,0.801,-0.655,-0.835,-0.195,-0.746,-0.368,0.755,0.609,-1.664,1.067,0.0003205956874709137,-1.5857728823366806
002181,0.682,0.506,-0.92,-0.619,-0.967,-0.25,-0.933,-0.518,-2.052,0.682,0.00039298826206111997,-1.5634380530079948
002182,1.778,0.247,-1.488,1.507,0.189,-0.36,-1.082,-1.139,-2.34,0.171,0.00016546874192047161,-0.16974470289801086
002183,0.554,-0.555,-1.326,1.671,0.286,-1.023,-0.803,-0.423,-1.579,1.11,0.0002688867056207663,0.017867863462948514
002186,0.623,-0.915,-1.281,-0.34,-0.823,-1.104,-0.642,-1.705,-1.803,0.966,0.0002792285019907958,-0.9559306952677454
002191,-0.431,-0.541,-0.104,-0.186,-0.815,-0.489,0.618,0.103,-1.19,1.152,0.00038264646569109056,-1.4696317698275152
002200,-1.063,-0.679,-0.651,-0.051,-0.655,0.084,0.683,-1.045,-1.862,0.911,0.0004033300584311495,0.3618242351247074
002202,-0.52,-1.247,-0.97,2.147,-0.046,1.476,-1.187,0.267,0.492,-0.192,0.003991933398831377,1.5991737799338919
002203,2.087,-0.123,0.089,-0.176,-0.482,-1.537,-0.654,-1.397,-1.643,1.079,0.00016546874192047161,0.12954201010637673
002204,0.242,-0.704,-0.331,-0.025,-0.148,-1.543,0.004,-1.122,-1.657,1.071,0.0002482031128807074,-0.978265524596431
002212,1.345,-0.347,-0.152,-0.082,-1.154,-0.631,0.477,-0.218,-1.929,0.84,0.00018615233466053052,-0.8889262072816885
002216,0.014,-0.585,-1.185,-0.118,-0.933,-0.362,0.006,-0.422,-1.831,0.941,0.0002068359274005895,0.02680179519442277
002218,1.148,-1.256,-1.889,1.761,-1.033,-0.401,-0.785,0.326,-1.41,1.158,0.0003102538911008842,-1.5366362578135722
002223,-0.277,-1.358,-1.239,0.191,-1.154,-1.932,2.14,-0.003,-1.693,1.049,0.00023786131651067793,1.3534906573183498
002225,1.108,-1.112,-1.118,0.013,-0.654,-0.8,1.176,1.212,-1.441,1.153,0.00019649413103055998,1.2507504424063958
002230,-1.021,-1.335,-1.515,1.311,-1.102,-0.187,0.296,0.959,-1.558,1.119,0.0004446972439112674,0.19654649809243363
002232,0.418,-1.176,-0.925,0.969,-1.032,0.729,0.701,0.915,-1.799,0.97,0.00035162107658100216,0.7593841971753118
002233,1.39,0.159,0.645,0.293,-0.005,-0.303,-0.365,-0.431,-1.571,1.114,0.00035162107658100216,-0.15187683943506236
002237,0.569,-1.059,-0.634,1.808,-0.462,0.096,0.221,0.954,-1.148,1.143,0.0005377734112415327,-1.0676048419111737
002238,-0.979,-0.771,-1.488,-0.171,-0.685,-0.027,0.711,1.474,-1.371,1.163,0.0003205956874709137,-1.460697838096041
002241,-0.296,-1.16,-1.333,0.387,-0.432,-0.548,2.139,2.018,-1.353,1.164,0.00033093748384094323,0.8040538558326831
002242,-0.766,-0.731,0.371,2.259,-1.154,-0.457,-0.399,-0.6,-0.718,0.931,0.0006101659858317389,-1.532169291947835
002244,0.073,-0.688,0.224,2.114,1.121,-1.862,0.347,-0.229,-0.474,0.736,0.0007756347277522106,0.35735726925897027
002249,1.035,-0.992,-0.564,0.153,-1.086,-0.003,2.125,0.744,-1.182,1.15,0.00039298826206111997,1.1301423640314934
002251,-0.097,-0.617,-0.944,-0.208,-1.089,-0.46,0.038,-0.829,-1.285,1.164,0.00046538083665132634,-1.4517639063645666
002252,-0.544,-1.091,-1.114,-0.286,-1.077,-0.767,0.996,-1.175,-1.605,1.099,0.00025854490925073686,0.9291289000733226
002254,0.184,-0.158,-0.697,0.982,-1.154,-0.718,1.084,-0.1,-1.595,1.104,0.0006101659858317389,1.081005739508385
002258,0.85,-0.766,-0.883,-0.278,-1.129,-0.197,0.936,0.35,-1.784,0.982,0.0002895702983608253,0.5717716308143524
002266,0.034,-0.6,-0.529,1.889,-1.075,-0.817,0.65,-0.925,-1.879,0.894,0.00025854490925073686,-0.08263886851613687
002274,-0.439,0.635,-0.972,4.308,0.914,-0.343,-0.396,0.166,-2.092,0.624,0.00021717772377061897,-0.08263886851613687
002275,-0.654,-1.164,-0.457,-0.05,-0.815,-2.287,-1.86,0.579,-0.816,0.995,0.0001551269455504421,-0.08263886851613687
002276,0.13,-1.429,-0.709,-0.003,0.147,-0.093,-0.72,0.16,-1.676,1.06,0.0001551269455504421,-0.08263886851613687
002277,0.089,-1.37,-0.996,-0.288,-0.658,-0.479,-1.1,-0.021,-1.487,1.143,0.0002895702983608253,-0.08263886851613687
600000,0.135,0.128,2.252,0.36,0.968,1.558,-0.299,0.27,0.963,-0.516,0.015750555871554887,-1.2060807837490246
600004,-0.695,1.36,0.137,-0.397,-0.556,-0.069,-0.903,-1.925,-0.81,0.992,0.0007446093386421221,-0.8174547534298945
600005,1.874,1.499,1.763,0.41,2.007,1.461,-1.204,-0.298,0.684,-0.346,0.0032162986710791664,-0.9246619342075855
600006,0.63,1.123,-0.48,-0.334,-0.688,0.023,0.971,0.117,-0.868,1.027,0.0007032421531620043,0.8576574462215286
600008,0.412,0.21,-1.075,0.422,1.04,-0.353,-1.096,-1.466,-0.639,0.872,0.0008790526914525053,1.5232353602163606
600009,-0.878,0.442,-0.966,-0.599,0.066,1.193,-0.44,-0.288,0.28,0.003,0.002709550648947722,0.8174547534298945
600010,0.353,1.594,-0.208,-0.914,1.665,-0.324,-0.73,-1.01,-0.05,0.33,0.0015719530482444799,0.6343091529346722
600012,-1.045,0.933,0.56,-0.188,-0.309,0.156,-0.261,-0.388,-0.932,1.061,0.00039298826206111997,0.13847594183785097
600015,-0.007,1.669,1.378,0.002,1.951,0.995,-0.355,-0.063,0.697,-0.356,0.004891669683023942,-0.22781525915259354
600016,-0.245,0.955,1.493,0.062,1.512,1.321,-0.111,-0.367,0.963,-0.516,0.020621541961838772,-0.4913662452310841
600017,0.376,0.703,-0.368,0.327,1.442,0.279,-0.405,-0.94,-0.949,1.07,0.00048606442939138527,0.1250750442406396
600018,-0.418,-0.155,-0.558,-0.143,-0.239,-0.877,-0.784,-0.432,0.963,-0.516,0.0034955271730699625,-0.9693315928649568
600019,0.855,2.36,0.761,-0.138,1.006,0.421,0.589,0.541,0.963,-0.516,0.006039609080097212,0.6566439822633579
600026,2.21,1.246,0.309,0.332,0.603,0.723,-1.374,-0.122,0.447,-0.152,0.0012720409535136254,-1.4472969404988296
600027,-0.333,1.2,-0.155,-0.526,3.029,-1.81,-1.201,-1.523,0.055,0.225,0.0007963183204922695,1.393693350109984
600028,-0.337,0.512,1.337,-0.203,0.989,-0.877,0.088,-0.451,0.963,-0.516,0.007208232069910544,0.8487235144900543
600029,0.718,-0.493,-1.789,-0.396,2.775,0.644,-1.104,-0.183,0.375,-0.087,0.0015305858627643622,1.2328825789434474
600030,0.937,0.136,-0.014,1.374,0.128,2.668,0.03,-0.058,0.963,-0.516,0.01988727441956668,0.696846675054992
600031,-0.134,-0.997,0.073,1.185,0.61,0.037,0.717,0.601,0.536,-0.229,0.002781943223537929,1.6795791655171601
600033,-1.001,1.407,0.869,-0.239,1.132,1.017,-0.798,-1.606,-0.763,0.961,0.0009824706551528001,-0.4600974841709242
600035,-0.796,1.153,0.856,-0.379,-0.868,-0.435,-0.573,-1.636,-1.567,1.116,0.00035162107658100216,-0.7727850947725232
600036,-0.076,0.053,1.379,0.6,0.614,0.662,-0.229,-0.03,0.963,-0.516,0.02520295775376183,-0.8219217192956316
600037,-0.146,-0.303,-1.2,-0.911,-1.125,1.464,-0.458,1.102,-0.425,0.692,0.0016340038264646569,0.6834457774577806
600038,0.428,-0.834,-1.663,-0.022,-0.968,-0.214,0.088,0.964,-1.237,1.159,0.0006101659858317389,-1.2016138178832874
600039,-0.227,0.572,-0.713,-0.094,2.368,1.162,-0.163,-0.516,-2.44,-0.058,0.0002688867056207663,-0.5315689380227182
600048,0.373,-0.229,0.648,0.563,2.293,1.329,-0.721,0.649,0.924,-0.497,0.0050881638140545015,-1.362424589049824
600050,-1.145,1.302,-0.517,-0.61,-0.425,1.291,-0.403,-0.103,0.963,-0.516,0.00902838823103573,-0.27695188367570195
600051,-0.037,0.825,0.154,-0.993,0.784,-0.176,1.155,0.901,-2.135,0.556,0.00025854490925073686,-0.5494368014856668
600052,1.485,-0.374,1.19,1.005,-0.005,-0.172,-1.068,0.534,-1.476,1.146,0.00048606442939138527,-0.6253752212031979
600054,-0.199,-1.116,-1.1,-0.542,-1.04,0.381,-0.114,-0.773,-1.251,1.161,0.00039298826206111997,-0.23228222501833065
600056,0.164,-0.459,-0.953,0.926,-1.13,0.086,1.523,0.859,-1.587,1.107,0.00035162107658100216,1.3445567255868756
600058,1.689,1.076,-1.325,-0.192,2.007,0.601,-1.489,-0.788,-0.408,0.677,0.0011065722115931537,-0.5851725284115638
600059,0.299,-0.212,-1.513,-0.37,-0.82,0.62,0.202,-0.738,-1.696,1.048,0.00047572263302135586,-0.16527773703227375
600060,-0.603,0.176,-0.676,-0.035,-1.052,0.925,3.471,2.426,-0.595,0.838,0.0011479393970732718,1.3579576231840869
600061,0.566,-1.132,-1.155,-0.369,-0.92,0.281,0.518,1.2,-1.844,0.928,0.0004033300584311495,0.16974470289801086
600062,-1.845,-0.322,-0.348,-0.446,-0.92,-0.744,-0.382,-0.537,-0.694,0.913,0.0012513573607735662,-0.4734983817681356
600063,0.891,0.98,-0.577,-0.334,0.315,1.116,0.883,0.095,-1.822,0.949,0.00048606442939138527,-0.558370733217141
600064,2.008,2.36,-0.947,-0.821,1.665,1.056,0.72,-0.975,-1.184,1.151,0.0009100780805625936,0.5494368014856668
600066,0.328,-0.682,0.268,-0.126,-0.58,-0.249,1.031,0.033,-1.077,1.122,0.001003154247892859,1.5187683943506236
600067,1.149,-0.42,1.194,0.017,2.06,0.479,0.176,1.454,-1.386,1.161,0.0007446093386421221,0.05360359038884554
600068,-0.127,-0.093,0.414,-0.129,2.448,1.378,0.396,-0.462,0.024,0.255,0.0031749314855990486,0.8665913779530029
600069,-0.308,1.024,-1.423,-0.045,0.527,0.274,-0.516,-0.139,-1.818,0.953,0.000413671854801179,0.09827324904621682
600072,1.022,-0.426,-1.678,0.586,-1.154,-0.298,-1.262,-1.635,-1.563,1.117,0.0005377734112415327,-1.6840461313828974
600073,0.294,-0.311,-2.114,-0.354,-0.096,0.416,-0.193,0.481,-2.102,0.609,0.0003205956874709137,0.7147145385179405
600074,0.844,0.021,-2.134,-2.498,2.763,-0.147,-1.146,-1.928,-2.301,0.253,0.0002999120947308548,1.0050673197908537
600078,1.045,-0.376,-0.928,0.048,0.889,1.243,-0.77,-0.076,-1.452,1.151,0.0005998241894617096,-1.255217408272133
600079,-0.271,0.245,-0.864,-0.742,-0.36,0.745,2.492,1.448,-1.457,1.15,0.0006929003567919749,0.5896394942773009
600082,0.433,0.509,-0.102,-0.455,1.294,0.125,-0.104,0.014,-1.817,0.954,0.0005584570039815916,0.31268761060159894
600085,-0.586,-0.353,-1.005,-1.04,-1.071,0.643,-0.089,-0.434,-0.785,0.976,0.0009514452660427117,-0.35289030339323313
600086,0.868,-1.299,-1.253,2.82,-0.156,0.727,-0.707,0.33,-1.972,0.789,0.0002999120947308548,-0.3037536788701247
600087,1.859,1.013,-0.031,0.531,2.601,0.698,-0.804,-0.709,-1.01,1.097,0.0009204198769326232,-1.5500371554107835
600088,0.573,-0.529,-1.461,-0.013,-1.154,0.738,-1.263,-0.128,-1.926,0.843,0.0003102538911008842,-1.5768389506052063
600089,-0.396,-0.878,-0.088,0.633,0.056,1.901,0.868,0.244,0.359,-0.072,0.004684833755623352,-0.5271019721569811
600096,0.201,0.091,-0.572,0.986,2.66,1.022,-1.57,-1.073,-0.647,0.878,0.0010962304152231242,-1.1033405688370705
600100,0.655,0.551,-1.186,-0.522,-0.301,2.81,-0.17,1.303,-0.315,0.591,0.002419980350586897,-0.6119743236059866
600103,0.298,0.99,-1.23,-0.761,-0.111,0.728,-0.235,-1.451,-1.848,0.926,0.0005377734112415327,0.7638511630410489
600104,0.008,0.0,0.327,1.804,-0.063,-0.426,2.579,2.083,0.963,-0.516,0.004002275195201407,1.1122745005685448
600106,-0.001,0.218,-0.457,-0.738,2.775,1.564,-0.463,-0.617,-1.818,0.953,0.000413671854801179,0.03573572692589703
600107,0.824,-1.285,-1.086,0.403,-1.002,1.622,-0.222,-0.091,-1.794,0.974,0.0005687988003516212,-0.6477100505318836
600109,0.763,-1.198,-1.005,1.01,-1.154,0.608,-0.505,0.258,-0.279,0.556,0.0009411034696726821,0.0804053855832683
600110,0.427,-0.655,-1.231,0.422,0.335,1.269,-0.659,0.24,-1.388,1.161,0.0010652050261130358,-0.6566439822633579
600111,1.693,-1.37,-1.703,1.004,-0.142,1.733,0.217,0.282,-0.384,0.655,0.001985624903045659,0.5673046649486153
600112,1.097,-1.322,-0.985,0.208,-0.503,0.396,2.301,0.016,-1.647,1.077,0.0004964062257614148,0.05807055625458266
600117,2.237,0.618,-1.076,0.663,1.211,-0.151,-0.683,-0.617,-1.409,1.159,0.0006205077822017684,-0.43329568897650145
600118,0.693,-0.833,-1.118,1.187,-1.15,0.609,0.218,0.223,-1.105,1.131,0.0007032421531620043,-0.6343091529346722
600120,1.293,-0.581,-1.371,-0.997,0.32,0.749,0.105,1.155,-1.588,1.107,0.00043435544754123794,1.4070942477071953
600121,2.542,-0.386,-1.278,0.631,0.001,0.239,0.979,-0.35,-1.377,1.162,0.0005377734112415327,-1.1078075347028078
600122,1.091,0.166,-0.562,0.775,-0.252,1.068,0.536,-0.177,-1.338,1.164,0.0006722167640519158,-0.7995868899669459
600123,1.835,-0.488,0.908,0.202,0.045,1.129,1.407,0.161,-0.21,0.489,0.0020166502921557476,-1.6527773703227373
600125,-0.186,-0.368,-0.279,0.961,-1.121,1.464,1.088,0.491,-0.906,1.047,0.0011893065825533894,0.9380628318047969
600126,0.87,2.36,-0.227,-0.442,-0.182,-1.138,-0.562,-1.281,-1.707,1.04,0.0003102538911008842,0.3305554740645475
600127,0.905,-1.056,-2.571,0.489,-0.004,2.015,-0.266,-1.116,-1.886,0.887,0.0005170898185014737,1.398160315975721
600128,0.422,0.29,-0.876,-0.894,-0.804,1.554,-0.373,-0.967,-2.011,0.739,0.00046538083665132634,-1.6170416433968404
600129,0.235,0.007,-1.579,0.366,0.561,0.471,0.805,1.084,-1.896,0.877,0.0003205956874709137,1.567905018873732
600131,0.889,-0.861,-3.642,-1.485,2.316,-0.87,-0.816,-1.611,-2.251,0.352,0.0002792285019907958,1.076538773642648
600132,-0.811,-1.246,-1.444,-0.659,-0.023,-0.962,-0.115,0.411,-0.942,1.066,0.0009824706551528001,0.8621244120872658
600138,0.512,0.047,-0.801,-0.313,-0.14,1.591,0.578,-0.319,-1.387,1.161,0.0010652050261130358,0.0044669658657371285
600141,0.991,-0.608,-0.445,0.335,2.007,0.666,1.112,0.963,-1.513,1.135,0.0006618749676818865,-1.6617113020542116
600143,2.181,-0.458,-0.128,-0.122,0.879,0.567,-0.345,-0.294,-0.746,0.95,0.0009928124515228296,-0.7683181289067861
600150,0.618,-0.102,1.391,1.786,0.346,-0.178,-1.188,-0.519,0.561,-0.25,0.0014271678990640676,-1.4785657015589895
600151,1.605,-0.922,-1.943,-1.222,-0.37,0.146,-0.881,0.264,-1.207,1.155,0.0005067480221314443,0.8219217192956316
600153,-0.444,0.099,0.709,-0.51,0.636,-0.096,0.022,-0.097,-0.64,0.873,0.001323749935363773,0.7236484702494148
600158,1.023,-0.941,-1.025,0.085,-0.839,2.461,-2.38,0.124,-1.264,1.162,0.0009617870624127411,0.5628376990828782
600159,2.124,-0.642,-1.228,-0.231,0.505,1.241,0.972,2.115,-1.374,1.162,0.0006411913749418274,1.4472969404988296
600160,1.424,0.834,-0.324,-0.106,0.9,0.154,-0.413,-0.31,-1.761,1.001,0.00037230466932106104,-0.6789788115920434
600161,-1.389,-1.508,-1.555,-0.253,-0.601,0.982,-0.847,1.454,-0.879,1.032,0.0008687108950824759,-1.7242488241745315
600162,2.064,-0.476,0.96,-1.138,2.046,-0.048,-0.888,0.004,-1.646,1.078,0.000413671854801179,0.15634380530079947
600163,0.241,1.963,-2.546,-1.489,0.634,0.43,-0.243,-0.94,-2.059,0.673,0.00033093748384094323,-0.4154278255135529
600166,0.564,-0.514,0.3,-0.779,-0.547,0.956,2.057,0.784,-0.501,0.759,0.0017684471792750404,1.4115612135729325
600168,0.374,0.975,-0.553,-0.46,2.246,-0.791,0.026,-1.455,-2.098,0.614,0.00021717772377061897,-0.7772520606382602
600169,0.851,-0.127,0.602,0.779,-0.691,-0.434,-0.219,-1.113,-0.972,1.08,0.0007963183204922695,-0.7057806067864663
600170,-0.233,0.674,-0.025,-0.152,-0.127,-0.06,-0.674,-0.911,-1.012,1.098,0.0007652929313821811,-1.188212920286076
600171,0.54,0.29,-2.278,-1.96,-1.111,2.057,0.26,0.602,-1.679,1.058,0.0005584570039815916,0.34395637166175885
600176,0.109,-0.624,-0.662,1.148,2.591,0.44,-0.722,0.568,-1.27,1.163,0.0005998241894617096,-1.2909531351980301
600177,0.672,0.662,0.323,0.153,0.52,0.185,-0.185,-1.504,0.156,0.124,0.002399296757846838,0.5985734260087752
600178,1.533,0.043,-0.036,-1.164,-0.539,0.155,2.053,1.242,-1.397,1.16,0.0005274316148715031,1.2060807837490246
600183,-0.048,-0.791,-0.971,-0.052,-0.27,1.459,0.537,1.364,-0.833,1.006,0.0010962304152231242,0.7281154361151518
600186,0.039,-0.182,-1.967,0.501,-0.698,1.843,0.679,0.707,-1.493,1.141,0.0006722167640519158,-0.3216215423330732
600188,1.787,-0.1,0.26,0.094,-1.113,0.019,0.839,1.061,0.963,-0.516,0.0018408397538652464,-1.4740987356932522
600189,0.084,1.004,-0.638,-0.871,-0.627,0.138,-0.318,0.03,-2.269,0.317,0.0002688867056207663,0.8889262072816885
600190,0.201,0.683,-1.244,-0.53,1.554,-1.272,-0.289,-1.519,-1.186,1.151,0.00047572263302135586,-1.0363360808510138
600191,1.838,1.575,-1.433,-0.463,-0.778,0.167,0.253,-0.849,-1.949,0.817,0.0003102538911008842,0.43329568897650145
600192,0.816,0.509,-0.877,-0.288,0.185,-0.111,0.008,-0.131,-2.238,0.377,0.0002792285019907958,0.7995868899669459
600195,-0.323,-1.067,-0.877,-0.448,-0.979,0.873,-1.03,0.64,-1.106,1.132,0.0007032421531620043,0.18314560049522224
600196,-0.962,-0.783,-0.631,-0.55,0.095,0.91,0.982,0.263,-0.091,0.371,0.002264853405036455,0.04913662452310841
600197,2.211,-0.786,-0.955,0.027,-1.151,0.735,1.685,-0.02,-1.591,1.106,0.00043435544754123794,0.9469967635362712
600198,-0.63,-1.557,-1.791,-0.408,0.278,1.551,1.719,1.761,-1.277,1.163,0.000827343709602358,-1.0586709101796994
600201,0.845,-0.075,-0.252,-0.475,-0.834,0.984,-0.876,-0.376,-2.369,0.107,0.0003205956874709137,-0.37522513272191876
600202,0.102,-0.978,-0.309,0.629,-0.425,0.921,1.203,0.796,-1.291,1.164,0.0008170019132323284,0.5851725284115638
600206,0.99,-0.159,-2.02,1.61,-0.767,1.294,-0.112,-0.667,-2.323,0.208,0.0002999120947308548,-0.7638511630410489
600208,0.9,-0.542,0.62,-0.702,1.144,-0.246,-0.755,0.861,0.028,0.251,0.0012720409535136254,-1.4830326674247265
600210,0.406,-0.048,0.713,-0.301,1.221,1.132,0.649,-0.42,-1.0,1.093,0.0012410155644035368,1.5366362578135722
600216,-1.221,-1.132,1.336,0.737,-0.434,0.552,1.708,0.335,-0.592,0.835,0.0013858007135839497,-0.39309299618486726
600219,3.217,1.996,-0.081,0.194,0.813,1.727,-0.575,-0.544,-0.526,0.781,0.0016857128083148044,0.906794070744637
600221,0.56,-0.206,-1.013,-2.463,2.851,0.551,0.076,0.923,-0.098,0.378,0.0010755468224830653,0.9335958659390597
600226,0.411,0.477,0.495,0.199,-0.01,-0.095,0.318,-1.816,-2.187,0.469,0.00034127928021097264,-1.009534285656591
600227,0.12,1.57,-0.31,-0.513,1.807,0.517,-0.099,-2.187,-1.953,0.813,0.0004240136511712084,-0.48689927936534694
600230,0.542,-0.329,-1.124,-0.142,1.43,0.277,-0.076,0.895,-1.785,0.981,0.0003619628729510317,-0.6075073577402494
600231,2.394,0.424,0.752,-0.785,-0.659,0.633,1.094,1.105,-1.233,1.159,0.0006205077822017684,0.6075073577402494
600236,-1.058,0.481,-0.164,-0.453,2.655,-0.968,-1.075,-1.788,-0.922,1.056,0.0006722167640519158,0.04466965865737128
600239,0.34,-0.541,-1.697,1.578,-0.66,0.376,0.627,2.019,-0.699,0.917,0.000827343709602358,0.5449698356199296
600240,1.06,1.067,-0.368,1.016,1.539,0.362,-0.212,-0.661,-1.804,0.965,0.0004240136511712084,0.7906529582354717
600246,0.845,0.099,0.733,1.768,1.175,0.765,-1.068,0.385,-1.09,1.127,0.0007135839495320338,-0.5762385966800895
600249,1.584,2.36,-1.156,-0.725,-1.146,0.866,-0.667,-1.742,-1.911,0.861,0.0005067480221314443,-1.5589710871422577
600251,0.969,-1.349,0.049,0.65,-0.501,0.02,-1.584,0.347,-1.13,1.138,0.0006825585604219453,-1.1122745005685448
600255,2.12,0.365,-0.803,-0.353,-0.133,0.719,-0.605,-1.334,-2.207,0.434,0.00038264646569109056,0.7459832995781004
600256,0.693,-1.119,-1.185,-0.989,-0.574,1.187,1.328,1.626,-0.094,0.374,0.0018822069393453643,-1.4249621111701438
600258,1.269,-0.444,-0.512,-0.492,-0.869,0.171,0.066,0.459,-1.721,1.03,0.0003102538911008842,-1.5947068140681548
600260,1.384,0.507,-0.08,0.12,-0.09,1.517,1.356,-0.669,-1.928,0.841,0.0004964062257614148,-1.2373495448091845
600261,-0.306,-0.441,-0.724,0.079,-0.59,-0.093,1.387,0.625,-1.845,0.928,0.00034127928021097264,-0.6164412894717237
600263,-2.406,1.07,-0.273,0.081,0.996,0.283,-0.884,-1.063,-1.916,0.854,0.0002482031128807074,-0.7281154361151518
600266,0.34,0.281,0.139,-0.68,2.073,-0.084,-0.231,-0.158,-0.898,1.043,0.0008583690987124464,-0.8531904803557915
600267,-1.73,-0.699,-1.005,-0.321,0.699,0.52,0.207,1.266,-0.793,0.981,0.0009514452660427117,1.6974470289801087
600268,-0.195,-0.66,-1.17,-0.091,0.672,0.334,0.106,0.046,-1.803,0.966,0.00035162107658100216,-1.4160281794386695
600269,-0.33,0.864,0.674,0.354,-0.124,1.449,1.174,0.763,-0.33,0.605,0.0014892186772842441,0.13400897597211384
600270,0.544,1.463,-0.657,-0.57,-1.154,-0.557,-0.969,-0.737,-1.213,1.156,0.0005067480221314443,0.4645644500366613
600271,0.47,-0.866,-0.61,-0.347,-1.132,0.896,0.126,0.024,-0.298,0.574,0.0015409276591343917,1.0408030467167508
600276,-2.717,-1.413,-1.122,0.183,-1.154,-1.777,1.496,0.063,0.089,0.19,0.002244169812296396,-1.121208432300019
600277,1.302,1.457,-1.252,-1.563,1.76,-1.546,-0.23,0.032,-1.016,1.1,0.0003102538911008842,1.1256753981657563
600278,0.872,1.216,-0.041,-0.545,-1.016,-0.501,0.745,-1.271,-2.04,0.7,0.0002275195201406484,-0.5181680404255069
600281,1.387,-0.38,-1.665,0.09,-0.612,0.551,1.058,0.702,-1.662,1.069,0.0004033300584311495,-1.4383630087673553
600282,1.649,1.528,-0.294,-0.495,-0.09,-0.745,-0.878,-0.828,-1.173,1.149,0.0005274316148715031,0.22781525915259354
600284,0.135,1.381,0.027,-0.702,0.108,0.327,-0.662,-1.736,-1.852,0.922,0.0005377734112415327,1.4517639063645666
600287,1.06,-0.334,-1.518,-1.565,0.263,-0.413,0.518,-0.328,-2.152,0.529,0.0002482031128807074,-0.8978601390131628
600288,1.291,-0.194,-0.339,-0.625,-0.084,2.325,1.807,0.759,-1.93,0.839,0.00043435544754123794,-0.32608850819881036
600289,0.24,-0.217,-0.658,-1.129,-0.697,0.946,0.851,-0.144,-1.633,1.085,0.00058948239309168,-0.5360359038884553
600290,1.111,-0.72,-0.583,0.852,-0.379,0.452,-1.691,-1.028,-1.908,0.864,0.0003205956874709137,1.1703450568231275
600291,2.071,1.798,-0.69,-1.469,-0.365,0.589,1.047,-0.777,-1.719,1.032,0.0005377734112415327,-0.4645644500366613
600292,1.44,-0.357,-0.71,-0.836,2.214,-0.166,0.378,0.535,-2.101,0.61,0.0003205956874709137,1.116741466434282
600293,0.775,-1.149,-1.538,-1.372,0.645,1.64,2.628,2.21,-1.574,1.113,0.0006205077822017684,0.6164412894717237
600295,1.725,-0.052,-0.462,0.727,1.884,0.241,-0.954,-0.376,-1.023,1.102,0.00046538083665132634,-1.0899396712398592
600298,-0.824,-1.175,-0.847,1.048,0.399,-0.401,1.981,0.827,-1.159,1.146,0.0007963183204922695,1.3088209986609785
600307,2.072,1.13,0.109,0.787,1.392,0.108,-0.071,0.627,-0.985,1.086,0.0007342675422720926,-1.2775522376008186
600308,1.334,1.778,0.507,-0.208,1.174,1.433,-0.106,-1.049,-1.079,1.123,0.001003154247892859,0.7504502654438375
600309,0.501,-1.114,-0.232,0.63,-0.488,0.259,0.904,1.362,0.315,-0.03,0.002802626816277988,0.6789788115920434
600312,-1.265,-0.304,-0.873,-0.467,-0.425,1.354,-0.394,0.236,-0.936,1.063,0.0011686229898133305,-1.0050673197908537
600315,-2.717,-1.187,-1.015,0.361,-1.017,-2.012,1.253,-0.142,-0.93,1.06,0.0009928124515228296,-1.1792789885546018
600316,-0.81,-0.821,-1.608,-0.254,-0.915,0.004,0.731,1.631,-0.901,1.045,0.0008583690987124464,0.8933931731474256
600317,-0.033,0.637,-0.616,-0.064,0.492,0.351,0.194,-0.41,-1.185,1.151,0.0006515331713118569,0.24121615674980493
600320,0.051,0.741,0.458,0.457,1.383,0.166,-1.143,-1.2,0.325,-0.04,0.0024820311288070735,-0.4556305183051871
600322,0.712,1.667,-0.071,-0.145,1.658,0.627,-0.786,-0.617,-1.376,1.162,0.0008583690987124464,0.3171545764673361
600323,-0.232,0.262,-0.248,-0.426,0.446,0.136,0.339,-1.262,-2.234,0.383,0.00037230466932106104,0.9157280024761113
600325,1.045,0.66,1.014,0.882,2.021,0.772,-0.548,-0.175,-0.801,0.986,0.001509902270024303,-0.7861859923697345
600326,1.826,-1.009,-1.567,-0.532,-0.266,2.303,1.444,1.314,-1.375,1.162,0.0007549511350121515,1.5589710871422577
600327,0.972,-0.648,-0.215,-0.43,-0.628,-0.963,1.373,-0.32,-1.846,0.927,0.0004033300584311495,1.3802924525127727
600328,1.041,0.003,-0.465,-0.505,0.583,0.269,-0.32,-0.57,-2.126,0.571,0.0003102538911008842,-0.24121615674980493
600329,-0.891,-0.469,0.1,-0.252,-0.471,-0.4,0.767,1.453,-1.459,1.15,0.00039298826206111997,0.27695188367570195
600330,0.895,0.631,-1.56,-0.016,-0.264,1.818,-0.502,-0.073,-1.989,0.767,0.00047572263302135586,0.7191815043836777
600331,2.747,-1.285,-1.124,-0.254,0.867,1.386,-0.729,0.31,-0.582,0.827,0.0013961425099539792,1.2105477496147616
600332,0.443,0.536,-1.186,-0.896,-0.975,0.636,-0.234,1.298,-1.301,1.164,0.00039298826206111997,1.5857728823366806
600333,0.264,-0.116,-1.673,-1.052,-1.102,1.72,0.513,0.893,-1.832,0.94,0.00034127928021097264,-0.5092341086940326
600337,1.274,0.076,-1.195,0.12,-0.198,0.288,0.769,0.719,-1.799,0.97,0.00035162107658100216,0.6209082553374609
600339,1.1,-0.327,-0.8,-0.771,1.983,1.248,0.195,-0.647,-1.737,1.019,0.0005274316148715031,-0.31268761060159894
600343,0.962,-0.607,-1.896,0.187,-0.388,-0.267,-0.663,-0.4,-2.448,-0.077,0.00018615233466053052,1.3758254866470354
600348,2.29,-0.984,0.508,0.364,-0.866,1.206,2.216,1.294,0.272,0.01,0.0026888670562076633,-1.1926798861518133
600350,-0.917,1.423,1.06,-0.237,-0.21,-1.042,-1.413,-2.035,-0.426,0.693,0.0005481152076115621,-1.0006003539251167
600351,-0.137,-0.937,-0.847,0.294,-0.137,1.48,1.672,0.649,-1.575,1.112,0.0007032421531620043,1.152477193360179
600352,0.175,-0.508,-0.077,0.266,-0.362,1.401,1.716,0.45,-0.537,0.789,0.0017063964010548634,0.6700448798605693
600360,1.482,0.407,-1.115,-0.016,-0.096,2.112,0.1,0.503,-1.904,0.868,0.0005170898185014737,-0.14740987356932522
600361,0.855,0.682,-0.823,-0.396,-0.837,0.609,-0.985,-1.407,-1.81,0.961,0.0004964062257614148,0.8129877875641573
600362,2.581,-0.627,-0.835,0.941,0.576,1.113,0.171,1.205,0.963,-0.516,0.0025337401106572213,-0.9469967635362712
600363,1.251,-0.478,-0.841,-0.75,-0.459,1.954,1.694,1.039,-1.963,0.8,0.0004240136511712084,1.255217408272133
600366,0.652,-0.248,-0.634,-0.452,-0.918,1.289,2.158,0.319,-1.482,1.144,0.0006825585604219453,0.6745118457263063
600367,2.029,0.474,-1.233,-1.362,-1.122,0.464,-0.416,-0.903,-2.253,0.348,0.0002275195201406484,-0.7817190265039974
600369,0.937,-1.014,-1.183,-1.429,-1.154,0.461,1.376,0.513,0.14,0.139,0.0009411034696726821,-0.38415906445339304
600376,1.188,0.046,0.37,0.582,1.621,-1.316,-1.271,2.044,-0.341,0.615,0.00058948239309168,-0.8487235144900543
600380,-0.231,-0.492,-0.614,-0.349,-0.489,0.603,1.714,1.928,-0.717,0.93,0.0008170019132323284,0.2367491908840678
600382,2.301,0.103,-0.881,-0.531,-0.461,1.221,-0.596,-0.753,-2.333,0.186,0.00034127928021097264,-1.076538773642648
600383,1.446,1.163,0.585,0.48,1.765,2.671,-0.579,1.288,0.079,0.201,0.0035575779512901392,0.2814188495414391
600386,-0.399,-0.787,0.05,0.574,-0.621,-0.823,0.142,0.076,-1.622,1.09,0.0004240136511712084,-1.1658780909573905
600387,0.623,-0.388,-0.888,-0.323,-0.312,0.384,0.297,-0.805,-1.936,0.832,0.0004964062257614148,0.8978601390131628
600388,0.508,-0.071,-0.62,0.259,-1.02,1.214,1.982,0.081,-1.432,1.155,0.0006101659858317389,-0.661110948129095
600389,-0.503,0.175,-0.5,0.125,2.232,-0.231,-1.252,-0.262,-2.288,0.279,0.00021717772377061897,-1.433896042901618
600391,0.553,-0.657,-0.794,0.43,0.161,-0.492,-0.662,-0.664,-2.251,0.352,0.0002275195201406484,-0.3662912009904445
600395,2.628,0.43,0.616,0.366,-1.154,-0.201,1.501,0.196,-0.043,0.323,0.0011893065825533894,-1.5411032236793092
600396,0.576,0.572,0.189,1.04,2.747,-0.349,-1.19,-1.928,-2.321,0.21,0.0002999120947308548,1.6081077116653661
600398,0.324,1.665,-0.078,-0.476,-0.94,0.225,0.678,-1.465,-2.106,0.602,0.0004240136511712084,-0.1608107711665366
600399,0.874,1.017,0.36,-0.372,-0.158,-1.535,-0.023,-0.985,-2.022,0.724,0.0002895702983608253,-1.0274021491195395
600400,1.65,1.352,-1.243,-0.997,2.298,-0.08,-0.044,-1.558,-2.384,0.074,0.00023786131651067793,-0.4466965865737128
600406,-2.333,-1.419,-1.484,-0.099,-1.054,-0.741,1.994,1.529,-0.729,0.938,0.0012099901752934486,0.12060807837490246
600408,2.708,0.946,-3.269,-0.941,0.921,0.749,-0.647,-0.878,-1.346,1.164,0.0006618749676818865,-0.2724849178099648
600409,1.731,0.454,-1.697,0.53,0.573,1.0,0.0,0.135,-1.39,1.161,0.0005274316148715031,0.3394894057960217
600410,0.444,-0.765,-0.896,-0.52,-1.005,0.459,0.562,0.652,-1.209,1.156,0.0005067480221314443,-0.9023271048788999
600415,-2.058,-0.623,-0.615,0.192,-0.997,-0.608,1.186,0.072,0.113,0.166,0.002306220590516573,1.0274021491195395
600416,-0.085,-0.337,-0.517,-0.131,-0.347,1.008,0.713,0.351,-1.65,1.075,0.0005791405967216506,1.2730852717350816
600418,0.183,0.45,0.161,-0.742,-0.112,1.321,2.084,1.787,-0.855,1.019,0.0010755468224830653,1.5768389506052063
600420,-0.116,-1.031,-0.696,-0.263,-0.931,-0.737,1.259,0.593,-1.865,0.908,0.0004033300584311495,0.9871994563279053
600423,-0.877,0.447,-1.011,0.35,2.45,1.244,0.501,-0.551,-1.978,0.781,0.000413671854801179,-0.42436175724502717
600425,1.116,-0.709,-0.755,0.258,-0.218,1.027,3.471,1.838,-1.223,1.158,0.0007446093386421221,-0.6432430846661464
600426,0.451,-0.268,0.109,0.509,1.901,0.061,0.875,1.271,-0.971,1.08,0.0011169140079631832,0.7549172313095747
600428,2.545,0.217,-0.32,-0.266,0.261,0.981,-1.495,-1.181,-0.726,0.936,0.0010134960442628885,-1.2462834765406587
600429,-0.176,-0.007,-0.434,0.297,-0.723,-0.292,-1.025,-0.84,-1.443,1.153,0.0004033300584311495,-1.7197818583087943
600432,2.377,-0.949,-1.629,-0.035,0.062,0.814,0.895,0.906,-0.397,0.667,0.0013961425099539792,0.8085208216984202
600436,-1.661,-0.953,-1.026,0.052,-0.781,-1.783,0.996,-0.669,-1.654,1.073,0.000413671854801179,-0.3394894057960217
600438,1.16,-0.94,-0.99,0.408,0.818,0.641,-1.073,-0.147,-1.27,1.163,0.0005998241894617096,1.3400897597211385
600439,0.258,-0.762,-0.886,-0.474,-0.279,0.561,0.031,-0.074,-1.336,1.164,0.0007859765241222399,-1.183745954420339
600449,0.14,0.004,1.097,0.208,-0.527,1.469,1.982,0.104,-1.397,1.16,0.0007342675422720926,0.46903141590239844
600456,2.504,0.8,-1.445,0.598,-0.718,1.007,-1.432,-0.744,-1.086,1.125,0.0007135839495320338,-0.906794070744637
600458,0.158,-1.216,-0.906,0.793,-0.323,0.262,1.787,-0.195,-1.798,0.97,0.0004240136511712084,1.4696317698275152
600459,2.466,-0.386,-2.254,0.381,0.447,-0.466,-0.581,-1.38,-2.402,0.032,0.00023786131651067793,1.326688862123927
600460,0.928,-1.04,-1.518,-0.854,-0.047,1.237,1.963,1.975,-1.648,1.077,0.000413671854801179,0.8397895827585801
600467,1.272,-0.481,-1.116,-0.416,-0.852,0.453,0.107,-0.309,-1.543,1.125,0.0005481152076115621,-0.6387761188004093
600468,0.786,-1.314,-1.154,-0.859,-0.94,-0.728,0.401,0.482,-1.763,0.999,0.0002895702983608253,1.183745954420339
600469,0.62,0.119,0.396,-1.174,1.109,0.224,0.389,1.384,-1.737,1.019,0.0002999120947308548,1.1078075347028078
600470,0.807,0.429,-1.014,0.459,-0.7,1.369,0.247,-0.336,-2.225,0.401,0.00033093748384094323,-0.18314560049522224
600475,-0.198,-0.394,0.277,-0.104,0.603,0.037,0.57,0.464,-1.872,0.901,0.00039298826206111997,-0.34395637166175885
600478,1.177,-1.009,-1.456,1.128,-0.283,0.918,-0.612,-0.648,-1.814,0.957,0.00048606442939138527,-1.045270012582488
600479,-2.431,-0.949,-1.099,-0.364,-1.128,-0.637,0.422,1.836,-1.532,1.129,0.0006411913749418274,-1.3132879645267157
600480,1.326,-0.502,0.402,-0.095,-0.44,0.431,1.411,-0.503,-2.01,0.741,0.0004033300584311495,1.572371984739469
600481,1.06,-1.021,-0.778,1.033,-0.385,0.871,2.779,1.93,-0.671,0.896,0.0010652050261130358,1.6617113020542116
600482,2.21,-0.512,-2.346,-0.483,0.026,0.54,-1.504,-0.908,-1.746,1.012,0.0005274316148715031,0.522635006291244
600488,-0.21,0.124,-0.427,-1.08,-0.347,0.361,0.011,-0.875,-1.735,1.02,0.0004550390402812968,0.30822064473586186
600489,0.277,-1.239,-1.577,0.914,-0.585,1.872,-0.24,1.293,0.369,-0.082,0.0029577537618284294,-0.5003001769625584
600491,0.373,0.323,-0.063,-0.602,-0.529,-0.828,1.301,2.076,-1.465,1.148,0.00039298826206111997,0.4109608596478158
600496,0.374,-0.449,0.097,-0.329,-0.245,0.835,1.126,-0.625,-1.793,0.975,0.0004240136511712084,0.9112610366103742
600497,1.96,-0.685,-1.264,0.488,0.256,1.072,0.696,0.527,-0.197,0.477,0.002026992088525777,1.2998870669295042
600498,-0.484,-0.533,-1.117,0.338,-0.707,0.235,1.883,1.805,-0.73,0.939,0.000806660116862299,1.1033405688370705
600499,-0.344,-1.246,-0.829,0.564,-0.947,0.845,2.809,1.257,-0.96,1.075,0.0012927245462536843,1.6706452337856859
600500,0.95,0.361,-0.246,-0.504,1.764,0.441,-0.794,-0.793,-0.484,0.744,0.0012823827498836548,-1.3043540327952414
600503,1.178,-1.411,-0.382,1.451,-1.141,-2.447,-0.413,0.459,-1.458,1.15,0.00019649413103055998,-1.4026272818414582
600507,-1.435,-0.33,-0.087,-0.188,-0.438,-0.207,-0.004,1.574,-1.337,1.164,0.0004446972439112674,0.3662912009904445
600508,2.538,-0.094,1.26,0.243,-0.264,0.437,0.621,-0.529,-0.547,0.798,0.0009617870624127411,-1.3668915549155611
600509,0.762,-0.107,-0.969,0.142,2.126,1.427,-0.649,0.078,-1.41,1.158,0.0006205077822017684,1.6527773703227373
600510,0.242,0.451,-0.425,-1.467,-1.029,0.323,1.756,1.053,-1.052,1.113,0.0004446972439112674,1.188212920286076
600516,1.013,-0.305,0.297,1.924,-0.255,0.941,0.657,0.616,-0.925,1.057,0.0008376855059723875,-1.6215086092625774
600517,-0.302,-1.263,-0.608,0.819,-0.639,0.103,-0.311,-0.35,-0.962,1.076,0.0009617870624127411,-0.5807055625458266
600518,-0.648,-0.28,-0.759,0.7,-0.082,1.226,1.773,0.583,-0.41,0.679,0.0019339159211955116,-0.19207953222669652
600519,-2.001,-1.391,-0.662,-0.622,-1.154,-0.757,-0.022,-0.089,0.963,-0.516,0.00963855421686747,-0.7370493678466261
600521,-1.447,-1.001,-1.138,-0.392,-0.698,-1.14,2.086,0.768,-1.254,1.161,0.0006101659858317389,0.5092341086940326
600522,0.115,-0.668,-0.467,1.121,-0.391,0.599,2.14,0.298,-1.227,1.158,0.0006205077822017684,1.2820192034665558
600523,-0.01,-0.417,-1.282,0.383,-0.884,0.765,0.265,1.154,-1.519,1.133,0.00046538083665132634,1.6170416433968404
600525,-0.321,-0.178,-0.828,0.331,-0.386,-0.433,0.697,0.76,-1.592,1.105,0.00043435544754123794,0.42436175724502717
600528,0.928,-0.352,0.749,-0.122,0.161,0.701,-0.414,-0.91,-0.52,0.775,0.0012410155644035368,0.5539037673514039
600529,-0.365,0.722,-0.079,-0.324,-0.795,0.54,0.587,-1.447,-1.958,0.806,0.0006101659858317389,0.4288287231107643
600530,1.189,0.029,-2.866,-2.225,0.717,0.417,-0.123,0.282,-2.298,0.26,0.00025854490925073686,0.8263886851613687
600531,2.306,-0.271,0.173,0.532,0.171,0.243,-0.375,-0.539,-1.934,0.834,0.00037230466932106104,1.32222189625819
600540,1.582,0.065,-1.122,0.545,-0.144,0.76,-0.116,-0.251,-2.263,0.328,0.0002275195201406484,0.5807055625458266
600543,0.908,-0.222,-1.744,-0.247,-1.008,0.812,0.427,-0.029,-1.971,0.79,0.00047572263302135586,-1.567905018873732
600546,1.87,-1.362,0.23,-1.406,-1.061,0.476,2.658,1.492,-1.329,1.165,0.0008480273023424168,-0.6700448798605693
600547,0.656,-1.564,-1.179,0.962,-0.64,2.401,1.164,2.192,0.552,-0.243,0.0035368943585500807,0.1116741466434282
600549,1.869,-0.757,-1.145,-0.168,0.567,-0.289,-0.493,-0.557,-0.934,1.062,0.0006618749676818865,-1.4115612135729325
600550,-0.497,-1.195,-0.77,0.223,1.518,1.371,-1.086,0.225,0.285,-0.002,0.0027198924453177517,-1.6125746775311032
600551,0.681,-0.301,-0.814,1.593,-1.109,-0.289,1.448,0.89,-1.282,1.164,0.00035162107658100216,-0.9157280024761113
600553,1.192,-0.348,0.201,-0.138,-0.164,0.504,-0.842,-0.789,-2.003,0.75,0.0004033300584311495,1.7153148924430572
600555,1.779,-0.035,0.234,-1.781,-1.1,1.01,-0.367,0.477,-1.505,1.138,0.00039298826206111997,0.10720718077769108
600557,-2.121,-1.109,-1.104,-0.216,-0.854,-0.06,0.612,1.32,-1.247,1.161,0.0008480273023424168,0.06700448798605692
600563,0.438,-0.16,-0.66,-0.239,-1.125,0.275,0.546,0.462,-2.008,0.743,0.0002895702983608253,1.4026272818414582
600565,1.542,-0.315,-0.703,0.842,1.36,1.177,1.188,0.43,-1.876,0.898,0.00046538083665132634,-0.2680179519442277
600569,1.2,2.36,-0.042,-0.102,1.759,-0.261,-1.07,-0.686,-0.892,1.04,0.0006929003567919749,0.6923797091892548
600578,0.744,0.268,0.491,-1.704,0.851,-1.917,-1.171,-0.931,-1.677,1.059,0.00023786131651067793,0.08487235144900543
600580,-0.371,-0.614,-0.28,0.287,-0.807,1.314,1.219,0.675,-1.625,1.089,0.00058948239309168,1.2864861693322929
600581,2.597,-0.256,-0.802,0.495,2.268,0.878,1.683,1.255,-0.964,1.077,0.000806660116862299,0.3707581668561816
600582,-0.617,-1.211,-0.44,0.432,-0.931,-1.387,1.699,1.595,-0.387,0.658,0.0011272558043332128,-1.0944066371055965
600583,-0.015,-0.201,0.485,-0.38,-0.126,0.531,-1.338,-0.887,0.203,0.077,0.002006308495785718,-1.5187683943506236
600584,0.175,-0.244,-1.137,-0.377,0.488,2.459,1.573,1.666,-1.46,1.149,0.0009928124515228296,0.23228222501833065
600585,0.236,0.526,0.567,-0.027,0.317,0.184,0.069,0.411,0.963,-0.516,0.0032783494492993437,1.0720718077769107
600586,-0.03,-0.225,-0.558,0.979,0.307,1.277,0.315,0.891,-1.114,1.134,0.0009721288587827705,0.43776265484223853
600588,-1.332,-1.105,-1.104,-0.774,-1.154,-0.326,1.315,0.452,-0.487,0.747,0.0010548632297430062,-0.008933931731474257
600589,1.138,1.013,-0.156,-0.333,-0.387,-0.202,0.324,-1.915,-1.88,0.894,0.00039298826206111997,-0.7236484702494148
600590,0.875,0.508,-0.891,0.439,-0.182,1.088,1.984,0.848,-1.55,1.122,0.0007239257459020634,-0.5628376990828782
600592,1.537,-0.476,-1.074,-0.129,-0.899,0.798,0.462,0.025,-2.053,0.681,0.0002792285019907958,-1.3847594183785097
600594,-1.307,-1.023,-0.737,-0.518,-0.694,-0.249,1.564,0.549,-1.748,1.011,0.0004446972439112674,-0.8844592414159513
600595,2.163,-0.785,-0.166,1.08,-0.082,1.676,1.242,2.151,-0.666,0.893,0.0010755468224830653,1.1792789885546018
600596,-0.761,0.162,0.502,1.152,-0.853,-0.182,-0.709,-0.171,-0.734,0.941,0.0014064843063240086,-1.3490236914526126
600597,0.311,-0.533,-1.927,-1.337,-0.783,0.108,0.736,0.154,-1.036,1.108,0.0005998241894617096,1.6259755751283147
600598,0.289,-0.581,-1.1,-0.29,0.061,1.295,-0.288,-0.664,-0.094,0.374,0.0014995604736542736,-1.5143014284848864
600600,-1.962,-0.982,-0.868,-0.307,-0.43,-0.638,1.337,0.339,0.518,-0.214,0.0018408397538652464,1.7019139948458457
600601,0.147,0.245,-1.413,-0.944,-0.346,1.49,-0.32,-0.816,-1.142,1.141,0.001354775324473861,-1.1614111250916532
600606,0.76,1.288,0.287,-1.08,-0.356,-0.098,-0.237,-0.445,-2.073,0.652,0.00038264646569109056,-0.5985734260087752
600607,-2.504,-0.097,-0.772,-0.686,-1.013,0.318,0.516,-0.001,-1.193,1.153,0.0007756347277522106,0.2724849178099648
600609,0.127,-1.631,-2.735,0.824,1.444,-0.111,0.036,-0.24,-1.661,1.069,0.00048606442939138527,0.8755253096844771
600611,0.659,-0.469,-1.236,-0.587,-0.408,1.817,-0.444,0.237,-0.541,0.793,0.0011893065825533894,1.706380960711583
600616,-0.485,-1.102,-0.907,-0.54,-0.919,0.599,-0.202,-0.1,-1.332,1.165,0.0007859765241222399,1.0676048419111737
600618,0.59,2.36,1.029,-2.249,1.634,-0.761,-0.127,1.417,-1.393,1.161,0.00025854490925073686,-1.603640745799629
600620,0.009,-0.478,-1.214,-0.081,-0.281,0.494,-1.086,-0.814,-2.444,-0.066,0.0002999120947308548,-1.500900530887675
600621,-0.587,-0.322,-1.459,-0.605,-0.72,0.713,-0.432,0.358,-1.871,0.903,0.0005274316148715031,-0.7191815043836777
600622,1.044,-0.169,0.061,0.181,-1.0,1.973,1.011,1.616,-1.498,1.14,0.0007652929313821811,-0.522635006291244
600623,-0.135,0.675,-1.22,-0.956,1.711,-1.743,0.944,3.33,-0.877,1.032,0.00013444335281038316,1.4740987356932522
600624,0.446,-0.855,-0.937,-0.245,-0.233,0.992,-1.367,-0.394,-2.16,0.515,0.0004033300584311495,0.20994739568964502
600626,0.689,1.488,-0.102,-0.894,-0.921,0.541,0.211,-0.937,-2.114,0.591,0.0003619628729510317,-0.8799922755502142
600628,-0.48,-0.578,-1.053,-0.176,-0.239,1.166,1.039,-0.014,-1.156,1.145,0.0010652050261130358,-1.1569441592259162
600630,0.677,0.379,-0.886,0.187,-0.415,1.861,-1.164,0.286,-1.95,0.816,0.0004240136511712084,-1.3088209986609785
600631,-0.005,-0.008,-1.141,-0.317,-0.518,0.655,1.093,0.462,-0.304,0.58,0.0018408397538652464,-0.5137010745597698
600635,0.455,-0.799,-1.404,-0.174,0.447,1.125,-1.336,-0.249,-0.634,0.868,0.0017787889756450696,0.3886260303191301
600636,1.38,-0.32,-1.862,-0.33,0.16,1.253,-0.676,0.403,-2.232,0.387,0.0003205956874709137,0.2501500884812792
600637,0.031,-0.315,-3.642,-1.842,-0.251,0.38,-0.429,-0.362,-1.818,0.953,0.000413671854801179,-0.20101346395817077
600638,0.431,0.21,-1.158,-1.026,-0.004,2.391,-0.386,-0.949,-1.194,1.153,0.001023837840632918,0.26355098607849053
600639,0.747,0.122,-0.522,-0.344,-0.12,-0.923,-1.047,-0.708,-1.114,1.134,0.0004550390402812968,-1.6661782679199488
600640,-0.314,-0.418,-1.563,-2.112,-1.154,1.17,-0.712,0.841,-1.809,0.961,0.00035162107658100216,-1.2864861693322929
600641,1.139,0.675,0.902,0.639,-0.34,-0.232,-0.16,-0.642,-1.421,1.157,0.0005170898185014737,-0.8040538558326831
600642,0.073,1.395,0.782,-0.481,1.502,0.101,-0.326,-0.996,0.098,0.182,0.002264853405036455,1.6483104044570003
600643,1.137,-1.061,-1.281,-0.739,-0.863,0.99,-1.276,-0.466,-1.161,1.146,0.001323749935363773,0.0625375221203198
600644,1.249,-0.545,-0.16,0.061,2.358,0.372,-1.254,-1.288,-2.161,0.514,0.00035162107658100216,-1.0318691149852766
600648,0.119,2.282,1.909,2.41,1.056,-2.213,-1.359,-0.1,-0.717,0.93,0.00017581053829050108,-1.3356227938554013
600649,0.085,0.711,0.46,0.324,-0.306,-0.158,-1.179,-0.653,0.008,0.272,0.0020787010703759243,-1.6259755751283147
600650,0.089,-0.592,-0.432,-1.394,-1.035,0.29,0.512,-0.93,-1.276,1.163,0.0004964062257614148,0.0312687610601599
600651,0.585,-0.841,-0.886,-0.509,-0.574,1.387,0.605,-0.266,-1.634,1.084,0.0008376855059723875,-0.7906529582354717
600652,1.848,-0.152,-0.482,-1.416,0.764,0.781,0.026,-2.376,-2.103,0.607,0.0005274316148715031,-0.7951199241012088
600653,0.263,-0.373,-0.932,-0.176,0.0,0.525,0.155,-1.247,-1.305,1.164,0.0011479393970732718,1.5411032236793092
600654,1.074,-0.4,-1.356,-1.128,-0.511,0.046,0.736,-0.413,-1.804,0.966,0.0007032421531620043,-0.6209082553374609
600655,0.773,-0.847,-0.945,0.339,0.327,1.15,2.125,1.299,-0.21,0.489,0.0026888670562076633,0.48243231349960985
600657,1.164,0.369,0.576,-0.125,0.624,-0.491,0.332,1.409,-0.699,0.917,0.0006205077822017684,-1.1703450568231275
600660,0.715,-1.005,-0.09,-0.528,2.04,0.996,1.92,1.727,-0.067,0.347,0.0019339159211955116,1.2775522376008186
600662,0.008,-0.385,-1.043,-0.546,-0.587,0.543,1.112,-0.562,-1.399,1.16,0.0007342675422720926,0.29481974713865045
600663,-0.05,-0.4,-1.078,-0.61,-1.154,-0.697,-0.639,0.498,0.305,-0.021,0.0013858007135839497,-0.942529797670534
600664,-1.657,-0.265,0.047,-0.482,-0.736,-0.491,0.904,0.178,-0.19,0.469,0.0020580174776358654,0.6879127433235177
600665,1.263,0.381,-0.164,-0.094,1.155,-0.387,-0.366,-0.714,-1.847,0.926,0.00034127928021097264,1.5143014284848864
600667,1.413,-0.211,-0.778,-1.248,-0.507,1.032,0.074,0.567,-2.072,0.654,0.00038264646569109056,0.6387761188004093
600673,2.393,-0.155,-1.346,-0.175,1.378,0.659,-0.895,0.324,-1.385,1.162,0.0003205956874709137,-0.3305554740645475
600674,0.325,-0.66,-1.149,-1.152,2.717,0.281,-2.209,-1.4,-1.012,1.098,0.0008997362841925642,1.4874996332904638
600675,1.48,-0.368,0.155,-0.452,1.446,1.384,-0.599,0.804,-0.65,0.88,0.0015305858627643622,1.0899396712398592
600676,0.498,-0.174,-1.364,-1.252,-0.059,0.532,1.545,-0.207,-1.486,1.143,0.0005791405967216506,0.33502243993028463
600677,1.402,-0.313,-0.218,0.529,-0.468,1.483,0.059,0.316,-2.152,0.529,0.0005067480221314443,-0.6745118457263063
600682,-0.077,-0.222,-1.131,-1.523,-0.232,0.287,0.543,-0.35,-1.952,0.813,0.0003619628729510317,-0.13847594183785097
600683,0.97,-0.058,-0.819,-1.628,0.113,-0.928,-0.447,-0.185,-1.66,1.07,0.0004033300584311495,1.5277023260820979
600685,1.439,-0.24,0.435,0.708,-0.571,0.306,-1.178,-1.268,-1.061,1.117,0.0005998241894617096,-0.2233482932868564
600686,-0.161,0.445,-0.325,0.177,0.225,0.59,0.169,-0.084,-1.929,0.84,0.00043435544754123794,0.594106460143038
600688,-1.389,-0.557,-1.685,-1.309,-0.224,1.674,0.349,0.751,0.707,-0.363,0.0014788768809142147,1.5634380530079948
600690,-0.258,-0.049,0.119,-0.069,-0.952,0.848,2.75,1.517,-0.006,0.286,0.0024613475360670146,0.2054804298239079
600692,-0.088,-0.9,-0.8,-0.476,-0.2,1.426,-0.439,0.189,-2.084,0.637,0.00037230466932106104,1.5545041212765205
600693,-0.09,-0.838,-0.558,0.219,-0.475,-0.34,0.792,-0.419,-2.076,0.648,0.00043435544754123794,-1.5277023260820979
600694,-1.454,-0.159,-1.036,0.819,-0.045,-0.076,0.587,0.809,-0.815,0.995,0.0018615233466053053,1.6572443361884746
600702,-0.331,0.399,-1.665,-0.495,-0.487,0.62,1.025,0.365,-1.693,1.05,0.0005481152076115621,-1.398160315975721
600704,0.713,-0.576,-0.45,-0.39,0.562,1.959,1.878,1.269,-1.104,1.131,0.0009824706551528001,-1.2686183058693443
600707,1.142,-0.235,-2.357,-0.578,-0.887,0.59,2.749,2.029,-1.703,1.043,0.00046538083665132634,-1.6572443361884746
600708,0.333,-0.495,0.863,-0.24,0.067,0.558,0.578,-0.954,-1.851,0.922,0.00047572263302135586,0.5181680404255069
600710,0.645,0.519,-1.263,-0.549,-0.636,-0.151,-0.221,-1.321,-2.21,0.427,0.00033093748384094323,1.219481681346236
600717,0.347,1.249,-0.115,0.888,1.258,0.178,-1.347,-1.619,-0.297,0.574,0.0015409276591343917,-1.143543261628705
600718,-0.162,-0.93,-0.914,-1.335,-0.815,-0.316,0.33,1.319,-0.106,0.386,0.0011169140079631832,-0.7147145385179405
600720,1.345,0.187,0.836,0.756,0.221,1.351,1.801,-0.219,-1.36,1.164,0.0008687108950824759,0.4958332110968212
600723,0.921,-0.469,-2.007,-0.629,-1.034,1.814,0.45,1.212,-1.731,1.024,0.0005274316148715031,0.48689927936534694
600724,-0.037,-0.633,0.113,-0.704,-0.267,-0.565,0.531,-0.049,-0.807,0.99,0.0005584570039815916,-1.3311558279896643
600725,1.54,-0.138,-1.1,1.359,2.615,0.357,0.36,0.104,-1.417,1.157,0.0005170898185014737,0.18761256636095938
600726,0.788,1.757,-0.678,-0.615,2.874,-0.785,-0.603,-1.845,-1.273,1.163,0.0005067480221314443,-1.014001251522328
600729,-2.035,-1.158,-0.989,-0.03,-0.807,-1.795,1.85,0.729,-1.311,1.165,0.0007963183204922695,0.07593841971753118
600736,1.725,0.864,-0.593,-0.41,2.111,0.325,0.805,0.253,-1.515,1.135,0.0005584570039815916,0.5271019721569811
600737,0.963,-0.62,-0.835,0.731,-0.193,0.361,0.3,0.796,-0.591,0.834,0.0011582811934433012,0.4734983817681356
600741,0.475,1.463,0.466,-0.409,-0.228,0.565,1.554,0.363,-0.133,0.413,0.0014478514918041267,1.5500371554107835
600743,0.863,-0.663,0.983,2.737,0.037,-2.147,-0.704,0.048,-1.41,1.158,0.0002068359274005895,-0.0312687610601599
600744,-0.548,0.957,-3.749,-1.621,3.331,0.155,-0.503,-1.185,-2.02,0.728,0.0004033300584311495,1.1926798861518133
600748,1.321,-0.75,-0.781,0.21,0.908,0.352,-2.019,1.012,-0.696,0.915,0.0008376855059723875,-0.2992867130043876
600750,-0.835,-1.168,-1.221,-0.17,-0.642,-0.616,1.959,1.1,-1.224,1.158,0.0007446093386421221,0.15187683943506236
600755,0.275,1.187,-0.257,-0.137,0.765,1.541,0.212,-1.418,-1.101,1.13,0.0011169140079631832,0.25908402021275345
600759,1.402,-0.844,-0.891,-2.438,-0.869,-0.155,-0.201,0.672,-1.293,1.164,0.00035162107658100216,-1.2730852717350816
600761,1.036,0.968,-0.887,0.2,-0.878,0.97,-0.178,-0.75,-1.767,0.996,0.0005170898185014737,0.7861859923697345
600765,-0.159,0.269,-1.263,-0.373,-0.182,-1.097,0.576,1.228,-0.852,1.018,0.0003619628729510317,-0.3886260303191301
600770,0.63,-0.91,-1.259,-0.541,-0.924,1.217,0.084,0.576,-1.315,1.165,0.0006825585604219453,0.24568312261554204
600775,0.379,2.36,-2.18,-0.573,-0.588,-0.856,0.366,0.249,-1.932,0.836,0.0001137597600703242,-1.0408030467167508
600776,0.592,0.201,-0.37,-0.839,-1.152,0.781,-0.263,-0.199,-1.415,1.158,0.00035162107658100216,-0.2367491908840678
600777,1.721,0.559,0.388,4.308,0.012,0.658,0.349,-0.392,-2.03,0.713,0.0004550390402812968,-1.049736978448225
600779,0.489,-1.086,-0.742,-0.035,-1.093,0.746,0.835,-0.184,-1.006,1.095,0.0010755468224830653,-1.4919665991562008
600780,1.302,0.324,-1.551,-1.347,-0.238,-1.045,-0.893,-1.585,-1.727,1.026,0.0004550390402812968,-0.5449698356199296
600782,1.566,2.36,0.634,1.154,1.514,-1.418,-0.245,-0.154,-0.911,1.05,0.0005067480221314443,-1.0988736029713335
600787,0.94,1.668,-0.281,0.597,-0.382,0.197,0.127,-1.015,-1.295,1.164,0.0005791405967216506,0.348423337527496
600789,0.108,0.955,0.295,-0.198,-0.589,0.823,-0.017,-0.937,-2.079,0.643,0.0003205956874709137,-0.9603976611334826
600790,0.627,-0.557,-1.523,-1.13,-0.437,1.192,0.925,-0.466,-1.558,1.119,0.0007239257459020634,-0.6923797091892548
600795,-1.278,0.77,0.147,-1.005,2.775,0.419,-0.557,-1.305,0.333,-0.048,0.002854335798128135,1.532169291947835
600797,0.246,-0.04,-1.299,-0.57,-0.051,1.425,-0.118,0.286,-1.595,1.104,0.0008687108950824759,-0.9961333880593796
600798,0.55,0.834,-0.485,-0.107,2.246,-0.404,-0.432,-1.743,-1.814,0.956,0.00035162107658100216,-1.3177549303924527
600801,0.584,1.293,1.42,0.289,1.778,-1.043,-0.68,-0.975,-1.204,1.155,0.0003205956874709137,-1.3445567255868756
600802,1.005,1.445,-1.24,-0.251,0.6,1.001,-1.185,-0.094,-2.237,0.378,0.0003205956874709137,0.7370493678466261
600804,0.556,-0.73,-1.268,1.022,-0.671,0.971,0.16,0.793,-0.407,0.676,0.0011065722115931537,-0.12954201010637673
600805,1.014,-0.647,-0.412,0.036,2.795,1.661,2.886,1.24,-1.486,1.143,0.0007756347277522106,1.3713585207812984
600806,0.267,-0.621,0.207,1.299,-1.098,-0.116,0.043,-0.511,-1.756,1.005,0.0003205956874709137,0.45116355243944994
600808,1.26,2.36,0.513,0.144,2.072,0.601,-1.122,-0.955,0.206,0.075,0.0015822948446145096,0.16527773703227375
600809,-0.309,-1.344,-0.829,0.019,-1.154,-0.702,2.34,1.25,-0.463,0.726,0.0007859765241222399,-0.6521770163976207
600810,1.4,1.162,-1.787,-0.18,0.682,0.24,1.088,1.381,-1.624,1.09,0.0004240136511712084,0.0
600811,1.115,0.829,-0.051,-1.584,0.295,0.337,-0.496,-1.417,-0.833,1.006,0.0014581932881741558,1.6125746775311032
600812,-1.002,-1.041,-0.516,0.05,0.143,1.36,0.785,0.49,-0.969,1.079,0.0012823827498836548,-1.7287157900402685
600815,0.709,0.499,-0.393,0.249,-0.296,-0.803,-0.305,-1.281,-1.673,1.062,0.0003205956874709137,-0.3171545764673361
600816,0.543,-1.783,-2.21,0.477,-1.018,0.974,-0.698,0.305,-1.219,1.157,0.0008790526914525053,-0.348423337527496
600818,0.73,-1.425,-1.799,-1.779,-0.52,-0.229,-1.368,0.731,-1.993,0.762,0.0002068359274005895,0.38415906445339304
600820,-0.252,0.657,0.148,-0.209,1.206,0.782,-0.235,-1.382,-1.028,1.104,0.0010548632297430062,0.7057806067864663
600824,-0.047,-0.79,-0.637,-0.236,-0.408,1.111,1.224,0.018,-1.341,1.164,0.0007756347277522106,-0.8442565486243172
600826,-0.179,0.394,-1.27,-1.163,-1.113,-0.444,0.345,-0.69,-1.668,1.065,0.0004033300584311495,0.40202692791634154
600827,0.178,0.27,1.338,-0.26,-0.769,-0.351,1.266,-0.055,-1.322,1.165,0.0005067480221314443,-0.6030403918745123
600829,-1.181,-0.732,0.201,-0.261,-0.949,-1.492,-0.117,-0.164,-1.305,1.165,0.00034127928021097264,-1.1390762957629676
600830,0.473,-0.009,-1.18,-0.395,-0.66,0.65,0.757,0.884,-1.824,0.948,0.00048606442939138527,0.732582401980889
600831,1.104,-0.382,-1.339,0.076,1.396,1.599,-0.39,-0.024,-1.689,1.052,0.00047572263302135586,-1.1256753981657563
600832,-0.348,-0.704,-1.658,-0.369,-0.725,1.21,-0.06,0.029,0.376,-0.088,0.0029784373545684883,1.4204951453044068
600835,0.113,0.609,0.314,-0.365,-1.074,-0.232,-0.762,-0.968,-0.846,1.014,0.0007756347277522106,-0.26355098607849053
600836,0.462,-1.258,-0.953,-0.895,-0.353,1.423,-1.063,0.205,-1.922,0.847,0.0005067480221314443,0.5360359038884553
600837,0.76,0.119,-0.762,-0.499,-1.154,2.451,0.079,0.349,0.963,-0.516,0.010589999482910183,0.8531904803557915
600838,0.268,-1.071,-1.175,-0.474,-0.347,2.032,1.317,0.494,-1.861,0.913,0.0006722167640519158,1.2686183058693443
600839,-0.163,2.36,-1.284,1.099,0.136,1.366,0.229,-0.159,-0.765,0.963,0.0015616112518744506,-0.594106460143038
600844,-0.801,-1.15,-1.33,2.114,-0.356,-1.685,0.12,1.372,-1.081,1.124,0.00038264646569109056,-0.43776265484223853
600846,0.608,0.061,-0.983,-1.744,0.082,1.481,-0.279,-0.875,-2.058,0.675,0.00038264646569109056,1.505367496753412
600851,1.039,1.253,-2.065,-2.479,-0.733,1.246,-0.409,-1.052,-1.558,1.119,0.0005481152076115621,1.014001251522328
600855,1.011,-0.578,-1.601,-0.006,-1.075,0.712,-0.735,0.998,-2.259,0.336,0.0003619628729510317,1.5902398482024176
600858,-1.573,-0.502,-0.64,0.876,-0.541,-0.313,0.602,-0.07,-1.587,1.107,0.0007032421531620043,-0.8576574462215286
600859,-1.526,-0.638,-0.621,0.516,-0.873,-1.888,0.518,0.165,-0.739,0.945,0.001199648378923419,-0.7102475726522034
600861,0.879,2.151,0.052,-0.568,-1.154,0.653,-0.438,-1.322,-2.161,0.514,0.00035162107658100216,-0.5896394942773009
600864,0.69,0.746,1.889,0.666,-0.48,-0.207,-0.108,-1.443,-1.585,1.108,0.0005274316148715031,0.3216215423330732
600867,0.526,-0.267,-1.15,0.395,-0.004,0.561,-0.406,-0.746,-1.523,1.132,0.0006515331713118569,-1.5991737799338919
600872,1.76,-0.458,-0.87,0.47,-0.517,1.908,0.198,0.572,-1.344,1.164,0.0011065722115931537,0.2903527812729133
600874,0.535,0.199,-0.947,-0.587,2.475,-0.111,-0.309,-0.12,-1.186,1.151,0.00035162107658100216,0.6477100505318836
600875,-1.515,-0.743,-0.041,-0.281,0.621,0.245,-0.469,0.278,0.466,-0.169,0.0022545116086664257,0.8442565486243172
600877,0.866,-0.875,-1.733,-0.26,0.061,1.287,0.774,1.799,-1.566,1.116,0.0006205077822017684,-0.2546170543470163
600879,0.759,-0.07,-1.078,0.373,-0.721,2.459,0.123,1.131,-0.966,1.078,0.0012823827498836548,-0.9827324904621682
600880,-1.885,-1.22,-1.025,-0.107,-1.032,-0.233,1.642,1.286,-0.941,1.065,0.0011479393970732718,0.35289030339323313
600881,1.447,0.986,0.367,0.554,1.243,0.565,0.101,-1.16,-0.578,0.823,0.0023475877759966905,1.6304425409940517
600884,1.491,0.463,-1.507,0.057,-0.39,2.34,0.633,1.045,-1.309,1.165,0.000806660116862299,-0.45116355243944994
600886,-1.076,0.877,-0.022,-0.438,2.63,-1.02,-1.282,-1.9,-1.075,1.121,0.0008170019132323284,1.5455701895450464
600888,2.055,0.044,-1.088,-0.392,-0.349,0.789,-0.254,-0.694,-1.489,1.142,0.00047572263302135586,0.07147145385179406
600894,1.29,-1.297,-2.194,-1.117,0.505,-0.069,0.373,0.0,-1.622,1.09,0.00034127928021097264,0.4600974841709242
600895,0.542,0.077,0.038,0.413,0.235,0.221,-1.273,-0.929,-0.41,0.679,0.00137545891721392,-1.496433565021938
600896,1.419,-0.055,-0.695,-0.366,0.698,0.95,-1.615,-0.304,-1.699,1.045,0.000630849578571798,-0.8129877875641573
600897,-0.622,-0.321,0.279,0.106,-1.088,-1.267,-0.315,-2.163,-1.65,1.075,0.00033093748384094323,0.5405028697541925
600900,-2.584,0.27,0.123,-0.669,0.341,0.1,-1.438,-0.069,0.963,-0.516,0.008521640208904287,1.1346093298972306
600961,1.8,0.021,-1.536,-0.085,1.951,0.679,0.589,0.719,-1.332,1.165,0.0005584570039815916,0.5315689380227182
600962,1.015,0.535,-1.24,0.654,-0.57,0.205,-0.774,-0.654,-2.328,0.197,0.00025854490925073686,-0.7504502654438375
600963,0.843,1.109,-0.942,0.218,1.825,1.721,-0.234,-0.309,-1.426,1.156,0.0008170019132323284,-0.732582401980889
600966,1.299,2.176,0.811,-0.087,0.859,0.258,0.014,-1.309,-1.8,0.969,0.0004964062257614148,-0.46903141590239844
600971,2.833,-0.006,0.667,0.17,-0.01,0.516,0.225,-0.52,-1.387,1.161,0.0007135839495320338,1.7287157900402685
600973,0.586,0.05,-1.032,-0.182,0.11,0.539,-0.742,-1.004,-2.246,0.362,0.0002792285019907958,0.5762385966800895
600978,1.461,0.388,-0.136,-0.265,-0.573,1.683,0.714,0.142,-1.237,1.159,0.0008583690987124464,-0.2501500884812792
600981,0.492,-0.313,-0.712,-0.077,-0.795,-0.161,-0.443,-0.548,-2.094,0.622,0.0002688867056207663,-0.29481974713865045
600983,-0.327,-1.371,-0.883,0.501,-0.954,-0.91,3.179,1.135,-1.216,1.157,0.0005067480221314443,1.2418165106749217
600987,0.656,0.261,0.051,0.025,-1.08,-0.294,2.052,-0.154,-2.024,0.721,0.0002895702983608253,1.4785657015589895
600991,0.86,1.527,-0.537,-0.623,0.114,-0.67,1.009,0.324,-1.808,0.962,0.00035162107658100216,-1.081005739508385
600993,-0.604,-1.003,-1.08,-0.084,-0.985,-0.49,2.794,0.679,-1.426,1.156,0.0006101659858317389,0.2858858154071762
600995,0.072,-0.279,0.209,0.098,0.08,-0.335,-0.84,-2.36,-2.032,0.711,0.0004550390402812968,-1.465164803961778
600997,2.448,-0.708,-0.269,0.876,0.695,1.341,1.117,0.796,-0.077,0.357,0.001913232328455453,-0.8665913779530029
601001,2.535,-0.315,0.637,0.642,-0.472,1.249,1.044,1.037,0.116,0.164,0.0018408397538652464,-1.5813059164709433
601002,0.84,0.112,-1.087,3.696,-0.313,-0.666,-0.759,-0.782,-1.657,1.071,0.00033093748384094323,-1.0720718077769107
601005,0.893,1.976,0.029,-0.71,1.706,-0.855,-0.764,-0.813,-1.277,1.163,0.0002999120947308548,-1.3400897597211385
601006,-0.56,0.192,0.32,0.207,-1.154,-0.088,-1.436,-0.304,0.963,-0.516,0.005750038781736388,-0.2858858154071762
601008,0.604,1.063,-0.797,-0.631,-0.218,-1.269,-0.305,-1.902,-2.001,0.753,0.00023786131651067793,0.17867863462948513
601009,-0.104,0.693,1.023,0.543,-0.508,0.584,0.584,0.189,0.096,0.183,0.003164589689229019,-1.429429077035881
601088,1.727,-0.117,0.531,-0.085,0.582,-0.877,-0.428,-0.494,0.963,-0.516,0.014716376234551942,-0.7013136409207291
601099,0.899,-1.486,-2.28,-1.415,-1.154,-0.341,-1.34,-0.968,-0.091,0.371,0.0007549511350121515,0.7683181289067861
601107,-0.128,-0.05,-0.547,-0.221,-0.522,1.142,-2.159,-0.463,-0.29,0.567,0.0005170898185014737,-0.08263886851613687
601111,1.47,-0.688,-1.847,-1.591,2.514,0.375,-0.046,1.381,0.963,-0.516,0.002419980350586897,1.3668915549155611
601166,0.353,0.329,2.177,0.548,2.025,0.251,0.762,0.891,0.963,-0.516,0.017053622214178603,-0.20994739568964502
601168,2.872,0.297,-0.162,0.849,0.415,1.859,-1.345,-0.331,0.106,0.173,0.0031956150783391075,0.2233482932868564
601169,-0.296,0.568,1.367,0.343,0.667,0.558,0.65,0.782,0.963,-0.516,0.010290087388179327,-0.08263886851613687
601186,-1.434,1.262,1.316,0.06,-0.392,-0.181,-1.411,-0.767,0.963,-0.516,0.003971249806091318,-0.08263886851613687
601318,0.135,-0.021,-0.985,-0.573,-0.224,0.622,-0.463,-0.192,0.963,-0.516,0.020228553699777652,1.634909506859789
601328,-0.454,0.808,1.987,0.506,0.444,-0.586,-0.091,0.24,0.963,-0.516,0.022472723512074046,-0.9201949683418484
601333,-0.712,2.36,-0.122,0.105,0.16,0.373,-1.139,-1.604,0.091,0.188,0.001944257717565541,0.558370733217141
601390,-1.004,1.415,0.68,0.28,0.717,-0.053,-1.015,-1.057,0.963,-0.516,0.004446972439112674,-0.08263886851613687
601398,-1.527,0.675,2.012,0.035,-0.773,-0.877,-0.242,-0.53,0.963,-0.516,0.010755468224830653,0.02233482932868564
601588,1.543,1.606,-0.331,-1.177,2.073,-0.384,-1.077,-1.25,-0.588,0.832,0.0012513573607735662,-0.3975599620506044
601600,2.573,0.124,-1.539,0.36,2.228,-0.613,-1.155,0.616,0.963,-0.516,0.003681679507730493,-0.08263886851613687
601601,0.557,0.149,-1.028,0.384,-0.999,-0.325,-0.283,0.555,0.963,-0.516,0.010527948704690005,1.5813059164709433
601607,-2.717,-0.59,-1.452,-0.544,-0.429,1.467,0.102,0.5,-1.158,1.145,0.0009307616733026527,0.4556305183051871
601618,0.123,-1.527,0.867,2.716,1.729,0.505,0.326,0.569,0.963,-0.516,0.0024096385542168677,-0.08263886851613687
601628,-0.012,-0.125,-0.552,-0.113,-1.13,-0.877,-0.257,-0.734,0.963,-0.516,0.0061533688401675364,1.0944066371055965
601666,2.286,-0.496,0.848,0.508,-0.456,0.887,0.368,0.598,0.304,-0.02,0.0027716014271678994,-1.639376472725526
601668,0.123,1.592,-0.362,2.055,1.628,1.037,0.326,0.569,0.963,-0.516,0.0038781736387610527,-0.08263886851613687
601699,2.395,-0.752,0.68,0.595,-0.578,0.938,1.487,1.354,0.547,-0.239,0.0028129686126480173,-1.6885130972486344
601727,0.233,-0.644,-1.248,-0.232,-0.723,-0.877,-0.52,0.207,0.963,-0.516,0.0008480273023424168,-0.08263886851613687
601766,-1.246,-0.209,-0.751,0.866,-0.812,0.99,0.449,-0.14,0.854,-0.459,0.003247324060189255,-0.08263886851613687
601808,0.62,0.126,0.324,-0.979,2.426,-0.721,-1.189,-1.013,0.753,-0.395,0.0013444335281038316,1.7197818583087943
601857,-0.962,0.396,0.704,0.178,-0.768,-0.877,-1.115,-0.975,0.963,-0.516,0.007446093386421221,0.174211668763748
601866,0.354,1.703,-3.523,-1.526,1.068,0.729,-1.445,-0.444,0.539,-0.232,0.001654687419204716,-0.08263886851613687
601872,0.597,1.397,0.255,-0.579,0.513,-0.783,-1.207,-1.605,-0.319,0.594,0.0012099901752934486,-1.505367496753412
601898,2.123,0.7,0.367,-0.601,-0.203,-0.535,-0.54,-0.289,0.963,-0.516,0.0033197166347794615,-1.5098344626191493
601899,0.737,-0.992,-0.304,-0.076,-0.725,1.79,-0.734,0.772,0.963,-0.516,0.006629091473188893,-0.08263886851613687
601918,2.525,-0.509,0.61,0.459,1.388,-0.152,0.209,0.765,0.034,0.246,0.0008480273023424168,-1.675112199651423
601919,2.416,0.368,-1.734,3.326,1.381,0.802,-1.749,-0.307,0.963,-0.516,0.00452970681007291,-0.08263886851613687
601939,-1.099,0.69,2.169,-0.218,-0.644,2.221,-0.349,-0.88,0.963,-0.516,0.007704638295671958,-0.08263886851613687
601958,2.859,-0.323,-1.145,-0.433,-1.142,0.336,-0.03,0.774,0.713,-0.367,0.0024820311288070735,-0.08263886851613687
601988,-1.536,1.174,1.939,0.024,0.181,-0.877,-0.518,-0.604,0.963,-0.516,0.003981591602461348,1.0006003539251167
601991,0.279,-0.184,-0.779,-1.071,2.902,-0.877,-1.181,-0.499,0.963,-0.516,0.0008997362841925642,1.5098344626191493
601998,-0.425,0.587,0.773,0.538,-0.433,-0.818,0.757,0.825,0.963,-0.516,0.002419980350586897,-0.08263886851613687
601999,0.921,-0.602,-1.414,-0.605,-1.128,-0.042,-0.74,0.496,-1.373,1.163,0.0003205956874709137,-1.219481681346236
